date,ai_row_count,factor_sum,volume_sum,sentiment_wavg,factor_zscore
2016-04-01,49.0,0.0,0.0,0.0,
2016-04-02,147.0,0.0,0.0,0.0,
2016-04-04,49.0,0.0,0.0,0.0,
2016-04-05,49.0,0.0,0.0,0.0,
2016-04-09,147.0,0.0,0.0,0.0,
2016-04-11,147.0,35.9268,69.08999999999999,0.5200000000000001,
2016-04-12,49.0,0.0,0.0,0.0,
2016-04-14,49.0,0.0,0.0,0.0,
2016-04-16,637.0,0.0,0.0,0.0,
2016-04-17,98.0,0.0,0.0,0.0,-0.33333333333333337
2016-04-19,98.0,0.0,0.0,0.0,-0.3162277660168379
2016-04-20,98.0,0.0,0.0,0.0,-0.30151134457776363
2016-04-21,98.0,-4.182640000000001,74.87199999999999,-0.05586387434554976,-0.6808414493030472
2016-04-24,98.0,0.0,0.0,0.0,-0.24129393910752636
2016-04-25,98.0,18.727799999999995,36.015,0.5199999999999998,1.5418961909156579
2016-04-28,49.0,0.0,0.0,0.0,-0.3258226604767728
2016-04-29,49.0,0.0,0.0,0.0,-0.3151120469107502
2016-04-30,49.0,0.0,0.0,0.0,-0.30539268546685155
2016-05-10,49.0,0.0,0.0,0.0,-0.2965205430814171
2016-05-11,49.0,0.0,0.0,0.0,-0.2883792807802247
2016-05-12,245.0,0.0,0.0,0.0,-0.28087376316345875
2016-05-13,343.0,0.0,0.0,0.0,-0.27392533521496937
2016-05-14,49.0,0.0,0.0,0.0,-0.2674683244870946
2016-05-15,98.0,0.0,0.0,0.0,-0.26144740984437637
2016-05-18,49.0,0.0,0.0,0.0,-0.2558156139661549
2016-05-20,49.0,0.0,0.0,0.0,-0.25053275206546766
2016-05-23,196.0,0.0,36.848,0.0,-0.24556421914993867
2016-05-24,294.0,101.92000000000002,234.80800000000005,0.4340567612687813,4.820162602724325
2016-05-25,196.0,0.0,0.0,0.0,-0.26684990737559194
2016-05-26,49.0,0.0,0.0,0.0,-0.26205389051325445
2016-05-29,49.0,0.0,0.0,0.0,-0.26205389051325445
2016-05-30,98.0,0.0,0.0,0.0,-0.26205389051325445
2016-06-01,49.0,0.0,0.0,0.0,-0.26205389051325445
2016-06-02,539.0,0.0,0.0,0.0,-0.26205389051325445
2016-06-03,147.0,0.0,0.0,0.0,-0.26205389051325445
2016-06-04,49.0,0.0,0.0,0.0,-0.20947743468712798
2016-06-06,49.0,0.0,0.0,0.0,-0.20947743468712798
2016-06-07,147.0,0.0,0.0,0.0,-0.20947743468712798
2016-06-09,49.0,12.306840000000001,31.555999999999997,0.39000000000000007,0.43138649312033034
2016-06-21,147.0,0.0,0.0,0.0,-0.23104338956554746
2016-06-22,98.0,0.0,0.0,0.0,-0.23104338956554746
2016-06-23,98.0,0.0,0.0,0.0,-0.23104338956554746
2016-06-24,147.0,0.0,0.0,0.0,-0.239172191155636
2016-06-28,49.0,0.0,0.0,0.0,-0.239172191155636
2016-06-29,49.0,0.0,0.0,0.0,-0.20747040733884994
2016-06-30,2254.0,-473.07442,1270.0800000000002,-0.37247608024691353,-5.265751232770055
2016-07-01,4116.0,-114.49070500000002,731.5944999999999,-0.15649475905026627,-1.1036919714889806
2016-07-02,980.0,51.581565,410.20349999999996,0.12574628202831034,0.7275732234248733
2016-07-03,686.0,59.27922,126.126,0.47,0.7829176754170606
2016-07-04,686.0,-13.839903000000007,159.5979,-0.08671732522796356,-0.014222694713202269
2016-07-05,245.0,1.1644849999999998,2.3765,0.4899999999999999,0.1500061335061901
2016-07-06,49.0,0.0,0.0,0.0,0.13722740413697498
2016-07-07,539.0,-26.38944,116.424,-0.22666666666666666,-0.1427060694775919
2016-07-08,343.0,0.0,0.0,0.0,0.1468765262954553
2016-07-09,49.0,0.0,0.0,0.0,0.1468765262954553
2016-07-10,98.0,0.0,0.0,0.0,0.1468765262954553
2016-07-11,98.0,-2.849839999999996,87.80800000000002,-0.03245535714285709,0.11666245662431733
2016-07-12,1323.0,-31.50651,139.69899999999998,-0.2255313924938618,-0.15326975856738664
2016-07-13,392.0,-13.146210000000002,53.361,-0.2463636363636364,0.0589486192491078
2016-07-14,49.0,13.818,34.544999999999995,0.4000000000000001,0.35776443170753597
2016-07-15,539.0,8.82,49.0,0.18,0.29783553991002626
2016-07-16,147.0,0.0,0.0,0.0,0.1984477122663783
2016-07-17,343.0,-1.2127500000000002,2.4255000000000004,-0.5,0.1852536034491934
2016-07-18,147.0,0.0,0.0,0.0,0.19892062415746845
2016-07-19,294.0,0.0,0.0,0.0,0.19892062415746845
2016-07-20,441.0,2.7650699999999997,4.851000000000001,0.5699999999999998,0.2289918474054689
2016-07-21,1568.0,109.39005,378.378,0.28910256410256413,1.3460562365998692
2016-07-22,1176.0,23.029999999999998,49.0,0.47,0.3940103390552628
2016-07-25,196.0,-58.42368000000001,108.19200000000001,-0.54,-0.4663448012669651
2016-07-26,1911.0,47.641965,1106.4935,0.043056705710426676,0.6640485204972232
2016-07-27,490.0,-26.292420000000003,337.1445,-0.07798561151079138,-0.12408583462877633
2016-07-29,735.0,-22.343999999999994,37.24,-0.5999999999999998,-0.07347652294435643
2016-07-30,196.0,0.0,0.0,0.0,0.1676744162989995
2016-08-01,245.0,0.0,0.0,0.0,0.1676744162989995
2016-08-02,49.0,0.0,0.0,0.0,0.1676744162989995
2016-08-03,98.0,0.0,54.096000000000004,0.0,-0.006307692469457931
2016-08-04,98.0,0.0,77.61600000000001,0.0,-0.1340105751916007
2016-08-08,49.0,-5.872649999999998,11.514999999999999,-0.5099999999999999,-0.2766929621354654
2016-08-10,1568.0,0.0,0.0,0.0,-0.0058837546656494485
2016-08-11,245.0,0.0,0.0,0.0,-0.023127058595406223
2016-08-13,49.0,0.0,0.0,0.0,-0.021678510539800515
2016-08-15,1372.0,29.83364999999999,111.57300000000001,0.267391304347826,1.0348835362941107
2016-08-16,784.0,0.0,38.80800000000001,0.0,-0.09156673061615483
2016-08-17,196.0,0.0,0.0,0.0,-0.09156673061615483
2016-08-18,98.0,0.0,0.0,0.0,-0.09156673061615483
2016-08-19,98.0,1.6008299999999989,53.361,0.02999999999999998,-0.03385389757942467
2016-08-23,196.0,48.019999999999996,98.0,0.48999999999999994,1.5649779865255102
2016-08-31,49.0,0.0,0.0,0.0,-0.19303897037147083
2016-09-01,49.0,0.0,0.0,0.0,-0.2106447796501057
2016-09-02,49.0,0.0,0.0,0.0,-0.19377759007395426
2016-09-08,49.0,0.0,0.0,0.0,-0.18283868003282477
2016-09-11,147.0,0.0,35.64750000000001,0.0,-0.18283868003282477
2016-09-12,147.0,17.90019,43.659000000000006,0.4099999999999999,0.4551507662887721
2016-09-13,49.0,0.0,0.0,0.0,-0.20587460299206936
2016-09-20,196.0,-28.395989999999994,60.417,-0.46999999999999986,-1.1902481660577637
2016-09-21,49.0,0.0,0.0,0.0,-0.16343096974237
2016-09-25,49.0,3.5654849999999993,7.2764999999999995,0.48999999999999994,0.12921028926943356
2016-09-29,98.0,-7.81011,16.978499999999997,-0.4600000000000001,-0.40130256509702683
2016-09-30,49.0,0.0,0.0,0.0,-0.11972024533483702
2016-10-01,49.0,5.6999249999999995,12.1275,0.47,0.37677380798433174
2016-10-05,49.0,0.0,0.0,0.0,-0.10999335819978677
2016-10-10,49.0,0.0,0.0,0.0,-0.1791340444550744
2016-10-12,441.0,0.0,0.0,0.0,-0.1791340444550744
2016-10-13,98.0,0.0,0.0,0.0,-0.1791340444550744
2016-10-18,245.0,0.0,0.0,0.0,-0.1791340444550744
2016-10-19,98.0,15.91128,38.80800000000001,0.4099999999999999,1.0797807172365508
2016-10-20,17836.0,1018.3935580000002,5923.0367,0.1719377423408503,5.373064808233227
2016-10-21,2597.0,41.754174,504.8421000000001,0.08270739306408874,0.019383175092984165
2016-10-22,588.0,9.166920000000001,148.61700000000002,0.06168150346191889,-0.16085145783339688
2016-10-23,98.0,0.0,0.0,0.0,-0.21108283450727902
2016-10-24,392.0,20.27718,95.403,0.21254237288135594,-0.10373548903385205
2016-10-25,196.0,0.0,34.91249999999999,0.0,-0.20931066360543546
2016-10-26,98.0,0.0,36.848,0.0,-0.20931066360543546
2016-10-27,147.0,50.20785,109.14750000000001,0.45999999999999996,0.05664517350631449
2016-10-29,98.0,20.180160000000004,38.80800000000001,0.52,-0.11174617470995353
2016-10-31,147.0,0.0,0.0,0.0,-0.22215004625365403
2016-11-02,49.0,0.0,0.0,0.0,-0.2132081250267021
2016-11-04,98.0,30.87,49.0,0.63,-0.049667626075150836
2016-11-07,98.0,25.807320000000004,63.063,0.4092307692307693,-0.08221744601992212
2016-11-08,196.0,0.0,0.0,0.0,-0.223889327488274
2016-11-11,98.0,0.0,0.0,0.0,-0.223889327488274
2016-11-16,98.0,0.0,0.0,0.0,-0.223889327488274
2016-11-19,392.0,18.753280000000004,36.064,0.5200000000000001,-0.12109974498659563
2016-11-20,343.0,56.871360000000024,109.368,0.5200000000000002,0.07780967647388352
2016-11-21,294.0,15.86277,36.38249999999999,0.43600000000000005,-0.15593768108114062
2016-11-22,98.0,0.0,0.0,0.0,-0.24327955604044868
2016-11-28,147.0,0.0,0.0,0.0,-0.24258815242838805
2016-11-29,98.0,0.0,0.0,0.0,-0.24411403739059057
2016-12-04,49.0,0.0,0.0,0.0,-0.24411403739059057
2016-12-09,147.0,0.0,0.0,0.0,-0.24300971353898468
2016-12-10,49.0,0.0,0.0,0.0,-0.24300971353898468
2016-12-12,98.0,-14.844059999999997,60.63749999999999,-0.2448,-0.321769596554354
2016-12-13,49.0,16.95008,36.064,0.47,-0.1500442095631962
2016-12-14,49.0,15.135119999999999,38.80800000000001,0.3899999999999999,-0.16290508446187524
2016-12-15,98.0,-3.79995,34.544999999999995,-0.11000000000000001,-0.26645869584939985
2016-12-18,49.0,0.0,0.0,0.0,-0.24246868514236336
2016-12-19,147.0,22.41162,50.9355,0.44,0.6930947818112283
2016-12-23,637.0,0.0,0.0,0.0,-0.6005066892605992
2016-12-24,49.0,0.0,0.0,0.0,-0.5777626363871852
2016-12-27,49.0,9.45945,14.552999999999999,0.65,-0.0007588208639129748
2017-01-02,49.0,0.0,0.0,0.0,-0.5597649014396854
2017-01-03,147.0,32.830980000000004,63.1365,0.5200000000000001,1.4162961793802809
2017-01-08,98.0,0.0,0.0,0.0,-0.610562304445326
2017-01-09,98.0,0.0,0.0,0.0,-0.5688095141635894
2017-01-11,98.0,0.0,0.0,0.0,-0.5260020872814549
2017-01-15,49.0,0.0,0.0,0.0,-0.5260020872814549
2017-01-16,98.0,0.0,0.0,0.0,-0.5260020872814549
2017-01-17,49.0,0.0,0.0,0.0,-0.47465153712795194
2017-01-19,539.0,94.304224,228.23709999999994,0.41318534103351306,4.134767107767543
2017-01-20,539.0,20.277179999999998,95.0845,0.2132543158979644,0.5215878674236986
2017-01-24,686.0,46.52216800000001,151.81669999999997,0.3064364328825486,1.6384876731774878
2017-01-25,196.0,13.873860000000002,80.04149999999998,0.1733333333333334,0.11064646596020784
2017-01-26,686.0,-21.069999999999993,147.0,-0.14333333333333328,-1.4005754822637388
2017-01-27,245.0,-116.20056,234.80800000000005,-0.49487479131886464,-3.9684473206485507
2017-01-30,49.0,0.0,0.0,0.0,-0.12735892102968432
2017-02-01,294.0,0.0,0.0,0.0,-0.12735892102968432
2017-02-02,147.0,0.0,0.0,0.0,-0.12735892102968432
2017-02-07,98.0,4.26888,12.127499999999998,0.3520000000000001,0.00873935415849209
2017-02-13,98.0,17.65764,33.956999999999994,0.5200000000000001,0.4297645796188193
2017-02-14,245.0,73.15307999999999,140.679,0.5199999999999999,2.0174273596847034
2017-02-15,294.0,64.76232000000002,125.73400000000001,0.5150740452065472,1.6184534072972958
2017-02-16,49.0,0.0,0.0,0.0,-0.2840620119228726
2017-02-22,49.0,18.957120000000003,36.455999999999996,0.5200000000000001,0.26988859722870434
2017-02-24,147.0,0.0,0.0,0.0,-0.2708712006423346
2017-02-26,392.0,-30.561299999999996,50.9355,-0.6,-1.1179584752995426
2017-03-03,196.0,0.0,0.0,0.0,-0.24001370570017308
2017-03-09,49.0,0.0,0.0,0.0,-0.21898859817933716
2017-03-10,49.0,0.0,0.0,0.0,-0.21898859817933716
2017-03-13,196.0,45.691520000000004,73.696,0.6200000000000001,1.0336699229977655
2017-03-14,49.0,0.0,0.0,0.0,-0.2489743252623987
2017-03-20,98.0,4.89951,9.702000000000002,0.5049999999999999,-0.11530897288908973
2017-03-22,147.0,0.0,0.0,0.0,-0.2244386633124968
2017-03-26,98.0,29.08836,42.777,0.68,0.5732078849136216
2017-03-28,196.0,0.0,0.0,0.0,-0.25082545428037517
2017-03-29,147.0,31.237499999999997,100.45,0.3109756097560975,0.6014628578180194
2017-03-30,539.0,90.25799999999998,294.0,0.30699999999999994,2.0230289458417423
2017-03-31,196.0,27.50517,92.169,0.298421052631579,0.35779732346423915
2017-04-02,49.0,0.0,0.0,0.0,-0.36136565712453844
2017-04-03,441.0,-68.035275,133.4025,-0.51,-2.0138613829417293
2017-04-04,392.0,5.020785,21.829500000000003,0.22999999999999998,-0.07599593908871755
2017-04-05,147.0,0.0,0.0,0.0,-0.1705536612512303
2017-04-06,98.0,0.0,0.0,0.0,-0.1581760634377204
2017-04-08,98.0,1.3340250000000002,33.956999999999994,0.0392857142857143,-0.14365448845061676
2017-04-11,98.0,0.0,0.0,0.0,-0.36149106119782404
2017-04-16,49.0,0.0,0.0,0.0,-0.36149106119782404
2017-04-17,98.0,22.169069999999998,48.50999999999999,0.457,0.3756749437860985
2017-04-19,147.0,22.69386,61.51950000000001,0.3688888888888889,0.3677980296677604
2017-04-25,147.0,14.819804999999997,31.5315,0.46999999999999986,0.08489128569794101
2017-04-28,1078.0,23.03,49.0,0.47000000000000003,0.36089337785972697
2017-04-29,686.0,0.0,0.0,0.0,-0.37555954785532814
2017-04-30,49.0,0.0,0.0,0.0,-0.318306515315374
2017-05-01,98.0,0.0,0.0,0.0,-0.318306515315374
2017-05-02,98.0,0.0,0.0,0.0,-0.2935190181492914
2017-05-03,98.0,0.0,0.0,0.0,-0.2935190181492914
2017-05-08,245.0,0.0,0.0,0.0,-0.3479277504615902
2017-05-09,49.0,0.0,0.0,0.0,-0.3479277504615902
2017-05-15,147.0,0.0,0.0,0.0,-0.3479277504615902
2017-05-16,294.0,144.06,294.0,0.49,3.8425033191389013
2017-05-17,294.0,101.57014,205.702,0.4937732253454026,2.3281323288326354
2017-05-18,98.0,24.009999999999998,49.0,0.48999999999999994,0.22150001535778974
2017-05-23,98.0,19.11,49.0,0.39,0.07682742036813088
2017-05-26,98.0,0.0,0.0,0.0,-0.4387514457282822
2017-05-29,98.0,0.0,0.0,0.0,-0.4122330741363506
2017-05-31,98.0,36.47952,77.61600000000001,0.4699999999999999,0.5372244115387892
2017-06-05,49.0,0.0,0.0,0.0,-0.4159684379096382
2017-06-13,294.0,0.0,0.0,0.0,-0.3603876650758044
2017-06-14,49.0,0.0,0.0,0.0,-0.33431673356056874
2017-06-19,196.0,-3.9670400000000003,36.064,-0.11000000000000001,-0.44472856873113903
2017-06-20,196.0,16.04064,36.455999999999996,0.44000000000000006,0.05846295576357661
2017-06-21,1176.0,3.3724250000000393,1035.272,0.0032575255585006063,-0.34467855336464576
2017-06-22,539.0,129.30904,540.7395,0.23913370486158309,2.9668120160551044
2017-06-23,294.0,0.0,0.0,0.0,-0.4943124128934725
2017-06-27,98.0,-49.980000000000004,98.0,-0.51,-1.7010318489014975
2017-06-28,98.0,0.0,0.0,0.0,-0.42711700364416405
2017-06-29,49.0,0.0,0.0,0.0,-0.42711700364416405
2017-07-05,49.0,0.0,0.0,0.0,-0.4072462738358104
2017-07-09,49.0,0.0,0.0,0.0,-0.3872021582204506
2017-07-13,49.0,9.604980000000001,21.829500000000003,0.44,-0.13906141775657208
2017-07-14,147.0,0.0,0.0,0.0,-0.36262486569262137
2017-07-16,98.0,0.0,0.0,0.0,-0.36262486569262137
2017-07-17,343.0,0.0,0.0,0.0,-0.36262486569262137
2017-07-21,49.0,0.0,0.0,0.0,-0.36262486569262137
2017-07-25,490.0,-45.6288,76.04800000000002,-0.5999999999999999,-1.4296918057356718
2017-07-27,49.0,0.0,0.0,0.0,-0.31319048928488485
2017-07-28,49.0,0.0,0.0,0.0,-0.31319048928488485
2017-07-29,147.0,0.0,26.6805,0.0,-0.31319048928488485
2017-08-02,147.0,0.0,77.61600000000001,0.0,-0.31319048928488485
2017-08-03,49.0,0.0,0.0,0.0,-0.24354878076056852
2017-08-04,98.0,0.0,38.80800000000001,0.0,-0.16543686191110066
2017-08-05,147.0,0.0,64.974,0.0,-0.1378370978453822
2017-08-07,196.0,0.0,0.0,0.0,-0.11538434152145724
2017-08-09,1568.0,17.07552,1998.808,0.008542851539517553,0.4827618839219695
2017-08-10,1225.0,33.56892,1208.977,0.02776638430673205,1.0209543660922178
2017-08-11,441.0,17.491039999999998,38.02400000000001,0.45999999999999985,0.4803582803804375
2017-08-12,147.0,0.0,0.0,0.0,-0.15320330645311955
2017-08-13,98.0,0.0,4.851000000000001,0.0,-0.15320330645311955
2017-08-14,49.0,0.0,0.0,0.0,-0.15320330645311955
2017-08-15,196.0,0.0,14.552999999999999,0.0,-0.15816552191940425
2017-08-16,147.0,0.0,0.0,0.0,-0.13916152063515713
2017-08-21,98.0,0.0,0.0,0.0,-0.13503207221823174
2017-08-24,294.0,13.194720000000006,133.4025,0.09890909090909095,0.9021438041742212
2017-08-25,392.0,19.209960000000002,67.91400000000002,0.2828571428571428,1.231801460014827
2017-08-26,147.0,21.771288000000002,56.2422,0.38709879769994776,1.514829319266407
2017-08-27,49.0,0.0,0.0,0.0,-0.23059150644041332
2017-08-28,98.0,0.0,6.7620000000000005,0.0,-0.23059150644041332
2017-08-30,98.0,0.0,0.0,0.0,-0.23059150644041332
2017-09-05,98.0,0.0,0.0,0.0,-0.23059150644041332
2017-09-06,98.0,0.0,0.0,0.0,-0.20580905133054786
2017-09-07,49.0,0.0,0.0,0.0,-0.20580905133054786
2017-09-08,49.0,0.0,0.0,0.0,-0.20580905133054786
2017-09-12,98.0,4.55994,9.702000000000002,0.4699999999999999,0.14915782728448249
2017-09-13,196.0,10.672199999999998,24.254999999999995,0.44,0.6093814354241306
2017-09-14,98.0,0.0,0.0,0.0,-0.5299268227020811
2017-09-15,98.0,8.82,49.0,0.18,0.4561171368181154
2017-09-19,98.0,0.0,0.0,0.0,-0.5646225182559346
2017-09-20,1715.0,-2.76507,4.851000000000001,-0.57,-0.8673284512143179
2017-09-21,1372.0,180.38394499999998,550.0985000000001,0.32791208301785946,5.192349831771937
2017-09-22,196.0,25.48392,106.722,0.2387878787878788,0.4230910639288791
2017-09-23,98.0,33.76296,77.61600000000001,0.43499999999999994,0.6387247057727407
2017-09-25,147.0,-2.2557150000000004,58.53050000000001,-0.038539137714524906,-0.45466550751790025
2017-09-26,245.0,0.0,38.02400000000001,0.0,-0.38608596509679244
2017-09-28,147.0,50.58907000000001,103.24299999999998,0.49000000000000016,1.0949683697098127
2017-10-01,49.0,0.0,0.0,0.0,-0.3794114065754883
2017-10-05,98.0,0.0,0.0,0.0,-0.36130176129469455
2017-10-06,1029.0,0.0,0.0,0.0,-0.36130176129469455
2017-10-07,49.0,0.0,0.0,0.0,-0.36130176129469455
2017-10-10,147.0,0.0,0.0,0.0,-0.36130176129469455
2017-10-11,147.0,0.0,0.0,0.0,-0.36130176129469455
2017-10-12,147.0,10.8241,23.03,0.47,-0.049347781625498424
2017-10-17,49.0,18.9189,36.38249999999999,0.5200000000000001,0.17408811403803093
2017-10-18,49.0,1.50381,2.4255000000000004,0.6199999999999999,-0.33511893327208503
2017-10-22,49.0,20.090000000000003,49.0,0.4100000000000001,0.21948459808936754
2017-10-23,196.0,0.0,0.0,0.0,-0.358839204143484
2017-10-25,49.0,-5.433120000000001,9.702000000000002,-0.5599999999999999,-0.5144208360288411
2017-10-26,245.0,4.826745,109.1475,0.044222222222222225,-0.21392169906553501
2017-10-30,98.0,0.0,0.0,0.0,-0.3578777380628778
2017-10-31,49.0,0.0,0.0,0.0,-0.3578777380628778
2017-11-01,98.0,0.0,124.85199999999999,0.0,-0.3578777380628778
2017-11-02,784.0,18.9189,332.2935,0.05693430656934307,0.1878648734657542
2017-11-03,49.0,0.0,0.0,0.0,-0.3772908413886234
2017-11-09,98.0,0.0,0.0,0.0,-0.3722319094739824
2017-11-10,98.0,0.0,0.0,0.0,-0.36082522661533106
2017-11-14,49.0,0.0,0.0,0.0,-0.36082522661533106
2017-11-16,196.0,0.0,0.0,0.0,-0.3513824310791221
2017-11-17,147.0,6.9611849999999995,16.978499999999997,0.41000000000000003,-0.15174311585298975
2017-11-22,245.0,0.0,0.0,0.0,-0.36203983666075695
2017-11-25,49.0,0.0,0.0,0.0,-0.49783157825375046
2017-11-28,49.0,5.336100000000001,12.127499999999998,0.44000000000000017,-0.011187990804835693
2017-12-02,147.0,0.0,0.0,0.0,-0.40990389019250445
2017-12-03,49.0,0.0,0.0,0.0,-0.4185483876420867
2017-12-06,49.0,0.0,0.0,0.0,-0.4185483876420867
2017-12-07,147.0,38.22,98.0,0.39,3.8673658700950426
2017-12-08,1764.0,16.843994999999996,246.00449999999998,0.06847027188527038,1.3482806912138685
2017-12-09,539.0,-79.16832,155.23200000000003,-0.5099999999999999,-4.613607996397038
2017-12-10,196.0,-39.58416,77.61600000000001,-0.5099999999999999,-2.105080250879142
2017-12-11,98.0,0.0,0.0,0.0,-0.03187542159599825
2017-12-12,147.0,0.0,0.0,0.0,-0.03187542159599825
2017-12-13,147.0,-18.555074999999995,36.38249999999999,-0.51,-0.9558889737184822
2017-12-14,147.0,0.0,0.0,0.0,0.019210802102946206
2017-12-15,147.0,12.941389999999997,88.2,0.14672777777777773,0.7064233617975777
2017-12-17,98.0,10.588410000000001,52.822,0.20045454545454547,0.5645551393498663
2017-12-21,49.0,0.0,0.0,0.0,0.04968686912714634
2017-12-22,49.0,0.0,0.0,0.0,0.04968686912714634
2017-12-28,49.0,0.0,7.2764999999999995,0.0,0.04011953667841357
2018-01-04,49.0,0.0,98.0,0.0,0.048733072350273826
2018-01-13,147.0,0.0,0.0,0.0,0.048733072350273826
2018-01-14,49.0,0.0,0.0,0.0,0.048733072350273826
2018-01-16,98.0,0.0,0.0,0.0,0.048733072350273826
2018-01-25,196.0,0.0,0.0,0.0,0.0838766004917116
2018-01-26,147.0,0.0,0.0,0.0,0.0838766004917116
2018-01-27,49.0,0.0,0.0,0.0,0.0838766004917116
2018-01-28,49.0,0.0,0.0,0.0,0.0838766004917116
2018-02-01,245.0,0.0,0.0,0.0,0.0838766004917116
2018-02-03,49.0,0.0,0.0,0.0,0.0838766004917116
2018-02-06,49.0,0.0,0.0,0.0,0.09679589933639458
2018-02-07,98.0,0.0,0.0,0.0,0.09679589933639458
2018-02-08,735.0,69.61136000000002,462.55999999999995,0.15049152542372887,3.08190301273295
2018-02-21,245.0,-55.77768000000001,109.36799999999998,-0.5100000000000002,-2.210358754147997
2018-02-22,196.0,0.0,0.0,0.0,0.06091747257899923
2018-03-01,588.0,28.03878000000001,82.467,0.34000000000000014,1.1383584798594941
2018-03-05,147.0,0.0,0.0,0.0,0.022344209381204697
2018-03-11,98.0,-3.0894500000000016,28.517999999999997,-0.1083333333333334,-0.04782118632577946
2018-03-12,147.0,-54.71928000000002,116.42399999999999,-0.4700000000000002,-1.9693967468407045
2018-03-14,441.0,0.0,0.0,0.0,0.07840803006720828
2018-03-15,49.0,11.044599999999997,22.540000000000003,0.4899999999999998,0.5410955964364306
2018-03-16,49.0,11.044599999999997,22.540000000000003,0.4899999999999998,0.5206046264237907
2018-03-20,931.0,0.0,0.0,0.0,-0.01809157250758965
2018-03-21,196.0,0.6015239999999998,0.9702000000000001,0.6199999999999998,-0.020196459004962544
2018-03-22,49.0,0.0,0.0,0.0,-0.04997614047621018
2018-03-23,49.0,0.0,0.0,0.0,-0.028793145954682735
2018-03-26,49.0,0.0,0.0,0.0,-0.011262297222332728
2018-03-27,196.0,-30.379999999999992,98.0,-0.30999999999999994,-1.4273265191617162
2018-03-31,343.0,0.0,0.0,0.0,0.03798416161170041
2018-04-02,686.0,0.0,0.0,0.0,0.03798416161170041
2018-04-03,441.0,3.4199550000000007,7.2764999999999995,0.47000000000000014,0.19731184063713622
2018-04-04,147.0,17.75465999999999,29.105999999999998,0.6099999999999998,0.8490037469653322
2018-04-06,147.0,0.0,0.0,0.0,0.0038887790088696964
2018-04-07,49.0,0.0,0.0,0.0,0.0038887790088696964
2018-04-11,196.0,0.0,0.0,0.0,0.0038887790088696964
2018-04-12,49.0,0.0,0.0,0.0,0.0038887790088696964
2018-04-13,49.0,0.0,0.0,0.0,0.0038887790088696964
2018-04-16,49.0,0.0,0.0,0.0,0.0038887790088696964
2018-04-17,245.0,0.0,0.0,0.0,0.0038887790088696964
2018-04-19,294.0,-18.191249999999997,152.80650000000003,-0.119047619047619,-0.8233493260144968
2018-04-20,49.0,0.0,0.0,0.0,0.03236693453330767
2018-04-26,147.0,0.0,0.0,0.0,0.03236693453330767
2018-04-27,49.0,0.0,0.0,0.0,0.1792072187460144
2018-04-29,49.0,0.0,0.0,0.0,0.0842977235337827
2018-05-03,49.0,0.0,0.0,0.0,0.0842977235337827
2018-05-08,196.0,101.91999999999999,196.0,0.5199999999999999,4.474746353317081
2018-05-11,490.0,149.11973999999998,281.358,0.5299999999999999,4.108015472337551
2018-05-12,441.0,-177.51279,376.9570000000001,-0.4709099181073702,-3.7126018402957617
2018-05-13,245.0,1.3487250000000044,155.3055,0.00868433506862284,-0.021144951666684824
2018-05-14,1176.0,-27.930000000000007,49.0,-0.5700000000000002,-0.622277864682187
2018-05-15,392.0,-27.930000000000007,49.0,-0.5700000000000002,-0.5915492233213361
2018-05-16,588.0,0.0,0.0,0.0,0.005475911801676695
2018-05-17,49.0,-23.03,49.0,-0.47000000000000003,-0.4629153167743175
2018-05-18,294.0,0.0,0.0,0.0,0.02202847295771633
2018-05-19,245.0,-21.22679999999999,56.64400000000002,-0.37474048442906543,-0.40849821294240285
2018-05-21,49.0,0.0,0.0,0.0,0.03680875309276883
2018-05-22,49.0,0.0,38.80800000000001,0.0,0.03680875309276883
2018-05-23,392.0,-5.822670000000004,166.64900000000003,-0.03493972361070275,-0.10313931572624899
2018-05-24,49.0,0.0,0.0,0.0,0.01975581756424719
2018-05-30,245.0,0.0,0.0,0.0,0.01975581756424719
2018-05-31,1078.0,-213.15686000000002,1104.95,-0.1929108647450111,-3.373264723329081
2018-06-01,98.0,58.094400000000014,111.72000000000003,0.52,1.0507697671513447
2018-06-02,98.0,58.094400000000014,111.72000000000003,0.52,1.0018333804567532
2018-06-07,147.0,26.184374999999996,69.82499999999999,0.375,0.47840681671926116
2018-06-09,98.0,8.634780000000001,19.404,0.44500000000000006,0.19558939867336478
2018-06-10,98.0,0.0,0.0,0.0,0.05881924000897187
2018-06-11,4410.0,836.3466999999998,1872.8044999999997,0.44657448228045155,4.967538290827126
2018-06-12,1911.0,343.78988,772.2155,0.44519940353437604,1.779606237182565
2018-06-13,784.0,98.17737999999997,384.895,0.2550757479312539,0.3418936572617193
2018-06-14,245.0,72.20248000000001,158.858,0.45450956199876624,0.17494320178665557
2018-06-16,49.0,12.612599999999997,24.254999999999995,0.52,-0.17171214133564366
2018-06-18,392.0,-129.57755999999995,218.00100000000003,-0.5943897505057313,-0.9540071767301934
2018-06-19,147.0,-22.25334999999999,124.19049999999997,-0.17918721641349375,-0.33844011783166283
2018-06-20,147.0,-27.165599999999998,38.80800000000001,-0.6999999999999998,-0.36069013721649107
2018-06-25,49.0,0.0,0.0,0.0,-0.20645707317145265
2018-06-26,49.0,0.0,0.0,0.0,-0.18750355341516517
2018-06-27,98.0,0.0,0.0,0.0,-0.16037282546709908
2018-06-28,147.0,-15.668730000000004,75.19049999999997,-0.20838709677419368,-0.2875884944687628
2018-07-10,49.0,5.045040000000003,9.702000000000002,0.5200000000000002,-0.16690738717646902
2018-07-12,98.0,62.32800000000002,137.20000000000005,0.45428571428571424,0.15157089756763917
2018-07-20,49.0,0.0,0.0,0.0,-0.2203490332772499
2018-07-26,98.0,0.0,0.0,0.0,-0.2203490332772499
2018-07-31,98.0,0.0,0.0,0.0,-0.22516086611809685
2018-08-01,833.0,320.264,921.1999999999998,0.3476595744680852,1.5337519638790804
2018-08-02,1519.0,156.84459000000007,564.333,0.2779291482156813,0.574831393995574
2018-08-03,343.0,26.75399999999999,51.44999999999999,0.5199999999999999,-0.1634394906789984
2018-08-04,49.0,0.0,38.80800000000001,0.0,-0.314375652691684
2018-08-06,49.0,0.0,0.0,0.0,-0.3155851519266943
2018-08-10,686.0,-43.347359999999995,76.048,-0.57,-0.5501263166890976
2018-08-11,49.0,-22.12056,38.80800000000001,-0.57,-0.42595710798439257
2018-08-12,49.0,-22.12056,38.80800000000001,-0.57,-0.478801159598807
2018-08-13,147.0,0.0,0.0,0.0,-0.33804752262723564
2018-08-15,147.0,-30.870000000000005,264.5999999999999,-0.11666666666666672,-0.4980739637471126
2018-08-18,49.0,0.0,0.0,0.0,-0.3140052018996463
2018-08-19,49.0,0.0,0.0,0.0,-0.31219201072638153
2018-08-21,49.0,0.0,0.0,0.0,-0.31219201072638153
2018-08-25,49.0,0.0,0.0,0.0,-0.2775668377663379
2018-08-27,196.0,0.0,0.0,0.0,-0.19984232045402933
2018-09-04,98.0,-11.133045000000003,21.82950000000001,-0.5099999999999999,-0.30805419442972193
2018-09-05,294.0,4.3071,104.37,0.041267605633802815,-0.06310239052156162
2018-09-07,49.0,0.0,0.0,0.0,-0.11770929587072214
2018-09-13,49.0,0.0,0.0,0.0,-0.19110770810628389
2018-09-18,196.0,7.567559999999997,14.552999999999999,0.5199999999999998,-0.09258401358303582
2018-09-21,98.0,0.0,0.0,0.0,-0.22200388494055467
2018-09-26,98.0,0.0,9.702000000000002,0.0,-0.22200388494055467
2018-09-28,441.0,0.0,36.014999999999986,0.0,-0.22200388494055467
2018-09-29,490.0,0.0,0.0,0.0,-0.22200388494055467
2018-10-01,49.0,0.0,0.0,0.0,-0.23058155622096882
2018-10-03,49.0,0.0,0.0,0.0,-0.22790499227482441
2018-10-04,392.0,-22.72154499999999,54.41449999999998,-0.4175641602881584,-0.5332914031981209
2018-10-05,49.0,0.0,0.0,0.0,-0.18545254635428912
2018-10-06,294.0,31.53149999999999,48.509999999999984,0.65,0.2809493309176487
2018-10-07,147.0,9.459450000000002,14.552999999999999,0.6500000000000002,-0.06154907728684329
2018-10-08,147.0,39.74879999999999,76.44,0.5199999999999999,1.0906906588470175
2018-10-10,49.0,19.56864000000001,37.63200000000002,0.52,1.20450999689024
2018-10-16,686.0,0.0,0.0,0.0,0.08449142744874452
2018-10-17,196.0,30.0762,68.35500000000002,0.4399999999999999,1.8094240788412301
2018-10-18,147.0,0.0,0.0,0.0,0.01993952647198481
2018-10-19,1127.0,-150.01448000000005,725.3960000000001,-0.2068035666036207,-4.7285338344578465
2018-10-20,49.0,0.0,0.0,0.0,0.10264075624861539
2018-10-22,245.0,-74.97000000000003,147.0,-0.5100000000000002,-2.1115881267106964
2018-10-23,98.0,13.873860000000004,26.68050000000001,0.52,0.5497140326042783
2018-10-24,147.0,-44.10000000000001,98.0,-0.45000000000000007,-1.1610092617163192
2018-10-25,882.0,-163.28319000000002,523.5160000000001,-0.31189722950205917,-3.4669568097045182
2018-10-27,98.0,0.0,0.0,0.0,0.23430044362742591
2018-10-28,98.0,0.0,0.0,0.0,0.23430044362742591
2018-10-30,49.0,-25.479999999999993,49.0,-0.5199999999999999,-0.32374107123709855
2018-11-01,147.0,1.0564399999999998,2.4010000000000007,0.4399999999999998,0.27640468104065025
2018-11-02,441.0,40.1016,82.32000000000002,0.487142857142857,1.0982700188589856
2018-11-07,98.0,0.0,4.851000000000001,0.0,0.21267640330473292
2018-11-08,98.0,0.0,0.0,0.0,0.21267640330473292
2018-11-15,49.0,0.0,0.0,0.0,0.21267640330473292
2018-11-18,49.0,14.189174999999995,36.38249999999999,0.38999999999999996,0.521425272532708
2018-11-21,49.0,0.0,0.0,0.0,0.2073216127256347
2018-11-22,98.0,0.0,24.254999999999992,0.0,0.2073216127256347
2018-11-27,49.0,16.558079999999997,37.63200000000002,0.43999999999999967,0.5590272544595976
2018-12-01,49.0,0.0,0.0,0.0,0.1941933621363213
2018-12-03,147.0,0.0,0.0,0.0,0.1941933621363213
2018-12-04,98.0,0.0,0.0,0.0,0.1941933621363213
2018-12-05,49.0,0.0,0.0,0.0,0.17769673659190688
2018-12-07,49.0,0.0,0.0,0.0,0.17769673659190688
2018-12-11,49.0,0.0,0.0,0.0,0.20342882197107606
2018-12-18,147.0,14.916825000000001,36.38249999999999,0.4100000000000001,0.5315433154570757
2018-12-19,49.0,0.0,0.0,0.0,0.23308913273518955
2018-12-28,147.0,0.0,194.03999999999994,0.0,0.2496424825274729
2018-12-29,147.0,0.0,0.0,0.0,0.2496424825274729
2018-12-31,49.0,0.0,0.0,0.0,0.27646799427693836
2019-01-02,196.0,12.612599999999999,33.957,0.3714285714285714,0.5573337011905598
2019-01-03,196.0,45.40535999999999,87.31800000000003,0.5199999999999997,1.3997798786886515
2019-01-04,98.0,15.135119999999999,29.106,0.5199999999999999,0.5420651289661562
2019-01-07,294.0,-13.097699999999998,29.106,-0.4499999999999999,-0.3167132992330959
2019-01-08,833.0,-4.365900000000002,9.702000000000002,-0.45000000000000007,-0.04026602721065524
2019-01-09,343.0,0.0,4.851000000000001,0.0,0.047068005325556016
2019-01-10,245.0,0.0,0.0,0.0,-0.2980202393008227
2019-01-11,49.0,0.0,4.851000000000001,0.0,-0.2980202393008227
2019-01-12,98.0,0.0,0.0,0.0,-0.2980202393008227
2019-01-15,49.0,0.0,0.0,0.0,-0.3981443273558945
2019-01-25,98.0,0.0,0.0,0.0,-0.39478248674296496
2019-01-29,49.0,0.0,0.0,0.0,-0.33807046874646846
2019-01-31,98.0,0.0,0.0,0.0,-0.33807046874646846
2019-02-01,245.0,0.0,53.361000000000004,0.0,-0.33807046874646846
2019-02-03,98.0,0.0,29.106,0.0,-0.33807046874646846
2019-02-05,98.0,0.0,0.0,0.0,-0.2963420506029758
2019-02-07,1225.0,-241.34949999999998,798.6999999999999,-0.30217791411042944,-5.255853444609305
2019-02-09,49.0,0.0,0.0,0.0,0.1143578991760709
2019-02-10,49.0,0.0,11.637500000000001,0.0,0.12711548119865468
2019-02-11,49.0,0.0,14.259,0.0,0.12711548119865468
2019-02-12,147.0,-79.0272,188.16,-0.42,-1.5156711872005522
2019-02-13,98.0,0.0,0.0,0.0,0.17848262678783897
2019-02-14,49.0,0.0,0.0,0.0,0.17848262678783897
2019-02-15,49.0,0.0,0.0,0.0,0.17848262678783897
2019-02-18,49.0,0.0,0.0,0.0,0.17848262678783897
2019-02-19,441.0,40.360320000000016,225.42450000000005,0.17904140854254974,1.0116119910022017
2019-02-20,1911.0,-11.133045,272.8564999999999,-0.0408018317320643,-0.06947788514083192
2019-02-21,490.0,68.03552000000002,136.80800000000002,0.4973065902578797,1.4966435982041317
2019-02-22,245.0,-20.59862,89.71900000000001,-0.22959038776624793,-0.2909964801946022
2019-02-23,49.0,0.0,0.0,0.0,0.12726103634408967
2019-02-25,49.0,0.0,0.0,0.0,0.13609964082023351
2019-02-26,49.0,0.0,0.0,0.0,0.1701460952717286
2019-02-27,98.0,-4.365900000000002,36.38249999999999,-0.12000000000000006,0.09342079312843912
2019-02-28,245.0,0.0,0.0,0.0,0.17518850572524614
2019-03-01,735.0,20.180160000000008,111.57300000000004,0.1808695652173913,0.5750503372977543
2019-03-02,147.0,-40.093515000000004,70.3395,-0.5700000000000001,-0.6407913444986431
2019-03-03,147.0,-41.0571,72.02999999999999,-0.5700000000000001,-0.628506638630115
2019-03-04,196.0,0.0,147.0,0.0,0.2105200240594615
2019-03-05,49.0,0.0,12.127499999999998,0.0,0.2105200240594615
2019-03-06,392.0,-139.52162,455.3814999999998,-0.30638403185021806,-2.3028996913658704
2019-03-07,49.0,0.0,0.0,0.0,0.27642260567308835
2019-03-11,147.0,0.0,0.0,0.0,0.27642260567308835
2019-03-12,196.0,-57.04775999999998,116.424,-0.4899999999999998,-0.7370383691657953
2019-03-13,196.0,-13.170464999999998,109.14750000000001,-0.12066666666666664,0.0757119013328405
2019-03-14,147.0,-20.738024999999993,65.48850000000002,-0.3166666666666665,-0.05066103334417774
2019-03-15,539.0,61.70471999999999,138.25349999999997,0.4463157894736842,1.3828990468024496
2019-03-19,49.0,0.0,0.0,0.0,0.21056982818455985
2019-03-20,49.0,0.0,0.0,0.0,0.21056982818455985
2019-03-21,490.0,-226.57942999999992,543.3610000000001,-0.4169961222833436,-3.896440913407347
2019-03-22,343.0,-6.985439999999997,14.553,-0.47999999999999976,0.16037908520450847
2019-03-23,49.0,0.0,0.0,0.0,0.24638958627485152
2019-03-24,49.0,0.0,0.0,0.0,0.24638958627485152
2019-03-25,49.0,0.0,0.0,0.0,0.24638958627485152
2019-03-29,49.0,0.0,0.0,0.0,0.24638958627485152
2019-04-01,147.0,0.0,0.0,0.0,0.24638958627485152
2019-04-02,49.0,0.0,0.0,0.0,0.2763618149103309
2019-04-03,1960.0,276.3600000000001,539.0,0.5127272727272729,3.8145715116398495
2019-04-04,686.0,246.96000000000004,588.0,0.42000000000000004,2.8703228144617996
2019-04-05,147.0,0.0,0.0,0.0,-0.021684729567318733
2019-04-06,98.0,0.0,0.0,0.0,-0.021684729567318733
2019-04-07,147.0,0.0,0.0,0.0,-0.021684729567318733
2019-04-08,147.0,0.0,0.0,0.0,-0.021684729567318733
2019-04-09,49.0,0.0,31.53149999999999,0.0,-0.02338800401921663
2019-04-11,49.0,0.0,0.0,0.0,-0.02338800401921663
2019-04-12,735.0,0.0,119.75599999999997,0.0,-0.015535328317911929
2019-04-13,343.0,29.742020000000004,67.59549999999999,0.4400000000000001,0.3059816981594288
2019-04-15,343.0,57.26630000000003,110.12750000000003,0.5200000000000001,0.5896387641795169
2019-04-16,245.0,0.0,0.0,0.0,-0.08121804571972611
2019-04-17,196.0,45.080000000000005,98.0,0.4600000000000001,0.42796772610418593
2019-04-19,343.0,0.0,0.0,0.0,-0.161296323745508
2019-04-20,49.0,0.0,0.0,0.0,-0.161296323745508
2019-04-21,98.0,0.0,0.0,0.0,-0.161296323745508
2019-04-22,18816.0,3197.7110899999993,8882.720000000001,0.3599923323036186,5.3330133828926325
2019-04-23,12397.0,1860.666465,4984.5250000000015,0.3732886212828704,2.559760181886155
2019-04-24,3283.0,131.56465700000004,1197.3395,0.10988082912156497,-0.0880027130039043
2019-04-25,1225.0,147.90943999999996,461.3839999999999,0.32057774001699235,-0.06744252535674568
2019-04-26,637.0,26.23420800000001,450.7314,0.058203639684299806,-0.25503586453760574
2019-04-27,196.0,58.52756,112.55300000000001,0.5199999999999999,-0.20875229477116886
2019-04-28,343.0,65.58551999999999,126.12599999999996,0.52,-0.21423447996400868
2019-04-29,49.0,-19.667375,30.25749999999999,-0.6500000000000002,-0.34493359171746046
2019-04-30,196.0,16.396379999999997,31.53149999999999,0.52,-0.2902660357399337
2019-05-01,735.0,56.92722000000001,113.63099999999997,0.5009831824062098,-0.2308912346941078
2019-05-02,245.0,6.136515,72.76499999999999,0.08433333333333336,-0.3096021642863065
2019-05-03,735.0,93.61425500000001,325.997,0.28716293401473025,-0.17965074819085544
2019-05-07,49.0,1.1157299999999999,2.4255000000000004,0.45999999999999985,-0.32261530394576093
2019-05-08,931.0,0.0,24.254999999999995,0.0,-0.3243390288555047
2019-05-09,441.0,0.0,0.0,0.0,-0.3096502760570792
2019-05-10,392.0,-47.64563999999999,64.386,-0.74,-0.36717766429466725
2019-05-12,98.0,0.0,0.0,0.0,-0.293841538505469
2019-05-13,196.0,0.0,0.0,0.0,-0.293841538505469
2019-05-14,196.0,26.559225,65.48850000000002,0.4055555555555555,-0.2544193070689336
2019-05-16,245.0,11.975600000000002,95.79499999999999,0.1250127877237852,-0.27753831698288955
2019-05-22,98.0,21.441420000000004,41.233500000000014,0.5199999999999999,-0.2641426421964535
2019-05-23,490.0,52.63383999999999,370.04800000000006,0.14223516949152537,-0.2189455873854407
2019-05-24,49.0,17.075519999999997,38.80800000000001,0.43999999999999984,-0.27470886377397236
2019-05-26,49.0,0.0,0.0,0.0,-0.2993834191750731
2019-05-27,196.0,55.86000000000002,147.0,0.3800000000000001,-0.2132091440785736
2019-05-28,49.0,8.82882,16.9785,0.52,-0.2861902532438104
2019-05-29,49.0,0.0,0.0,0.0,-0.2973019274239736
2019-05-30,147.0,-36.6765,102.89999999999998,-0.3564285714285715,-0.3517062835270176
2019-06-03,49.0,12.612599999999999,24.254999999999995,0.52,-0.27651778102765384
2019-06-04,49.0,0.0,0.0,0.0,-0.2959401086476242
2019-06-05,196.0,0.0,0.0,0.0,-0.25751705691247007
2019-06-06,343.0,0.0,0.0,0.0,-0.5504981794216225
2019-06-07,98.0,0.0,0.0,0.0,-0.5049129434520893
2019-06-08,147.0,0.0,0.0,0.0,-0.4807321317555818
2019-06-11,343.0,1.7221050000000016,104.29649999999997,0.016511627906976765,-0.39512835047224115
2019-06-12,1078.0,-34.830179999999984,465.696,-0.07479166666666663,-1.5231498351905526
2019-06-13,490.0,0.0,0.0,0.0,-0.29211351281683523
2019-06-15,49.0,0.0,9.702000000000002,0.0,-0.32064854538881077
2019-06-18,49.0,0.0,0.0,0.0,-0.3006447969793722
2019-06-19,343.0,9.040499999999998,218.04999999999995,0.04146067415730337,0.09236005587286268
2019-06-24,98.0,38.41992000000001,77.61600000000001,0.49500000000000005,1.1576390439878868
2019-06-25,49.0,0.0,0.0,0.0,-0.21719805450052507
2019-06-26,98.0,0.0,0.0,0.0,-0.2153719189702365
2019-06-27,49.0,0.0,0.0,0.0,-0.2153719189702365
2019-07-05,49.0,0.0,0.0,0.0,-0.2153719189702365
2019-07-07,49.0,0.0,0.0,0.0,-0.32577656122918736
2019-07-08,931.0,45.40535999999999,94.22700000000002,0.4818720748829951,1.8755883616851243
2019-07-09,441.0,31.53149999999999,60.63749999999998,0.52,1.1121334795005833
2019-07-10,392.0,5.045040000000001,9.702,0.5200000000000001,-0.1460671779942714
2019-07-12,294.0,75.67560000000002,145.52999999999997,0.5200000000000002,2.7757546936947177
2019-07-13,49.0,0.0,0.0,0.0,-0.3990251088638882
2019-07-15,196.0,20.180160000000008,38.80800000000001,0.5200000000000001,0.5317111557843273
2019-07-16,931.0,78.59551000000002,487.5744999999999,0.16119692477764944,2.666300666552183
2019-07-17,441.0,23.572919999999996,195.90200000000002,0.12033016508254124,0.48435151478121624
2019-07-19,98.0,0.0,0.0,0.0,-0.38296383931934863
2019-07-21,49.0,0.0,0.0,0.0,-0.3699766711220367
2019-07-26,98.0,23.284799999999994,36.38249999999999,0.6399999999999999,0.5526907163247027
2019-07-29,147.0,60.540480000000024,116.42400000000002,0.5200000000000001,1.9398604787456484
2019-07-31,49.0,16.520594999999993,28.9835,0.5699999999999997,0.1372899130474737
2019-08-02,294.0,-101.91999999999999,196.0,-0.5199999999999999,-3.489259016997881
2019-08-05,245.0,0.0,0.0,0.0,-0.3049203312747734
2019-08-06,147.0,13.825350000000002,24.254999999999995,0.5700000000000002,0.11278997820334856
2019-08-07,98.0,15.207884999999992,26.680500000000006,0.5699999999999996,0.14038497786680076
2019-08-08,49.0,60.54048000000002,116.42400000000002,0.52,1.4453676534730742
2019-08-09,294.0,0.0,0.0,0.0,-0.3834531649578747
2019-08-10,98.0,0.0,0.0,0.0,-0.4328623773296427
2019-08-11,49.0,0.0,0.0,0.0,-0.4328623773296427
2019-08-12,49.0,0.0,0.0,0.0,-0.4328623773296427
2019-08-13,98.0,5.045040000000003,9.702000000000002,0.5200000000000002,-0.28095731456162754
2019-08-16,49.0,0.0,0.0,0.0,-0.4283241921866139
2019-08-17,49.0,20.384000000000007,39.19999999999999,0.5200000000000004,0.22917619218431937
2019-08-18,49.0,20.384000000000007,39.19999999999999,0.5200000000000004,0.20821474602268436
2019-08-20,441.0,140.72016000000002,453.93600000000015,0.30999999999999994,3.1452228881868525
2019-08-21,392.0,83.08832000000001,219.81399999999996,0.3779937583593403,1.5313435708255556
2019-08-22,196.0,0.0,12.25,0.0,-0.5263690148989579
2019-08-23,49.0,15.135119999999995,29.106,0.5199999999999998,-0.16474857342183366
2019-08-25,49.0,17.65764,33.957,0.52,-0.07946751958193306
2019-08-26,98.0,0.0,2.4255000000000004,0.0,-0.4934890410727434
2019-08-28,294.0,76.82415999999999,285.37600000000003,0.2692032967032966,1.3244515591010713
2019-08-29,2842.0,23.605750000000008,148.029,0.15946706388613047,0.0790476234973185
2019-08-30,98.0,0.0,0.0,0.0,-0.5103319988632188
2019-08-31,49.0,0.0,0.0,0.0,-0.49147761808351653
2019-09-03,98.0,0.0,0.0,0.0,-0.44150135766939497
2019-09-04,98.0,0.0,0.0,0.0,-0.4201837802566669
2019-09-05,49.0,0.0,0.0,0.0,-0.4201837802566669
2019-09-06,49.0,4.2688799999999985,9.702000000000002,0.4399999999999998,-0.3146301529899901
2019-09-10,49.0,0.0,0.0,0.0,-0.40352295624413714
2019-09-11,49.0,0.0,0.0,0.0,-0.3592467454152548
2019-09-12,49.0,0.0,0.0,0.0,-0.3441438848285151
2019-09-13,196.0,0.0,0.0,0.0,-0.5197145028688805
2019-09-16,49.0,17.075519999999994,38.80800000000001,0.4399999999999998,-0.001573440728367449
2019-09-19,49.0,18.918900000000004,36.38249999999999,0.5200000000000002,0.05121580448696288
2019-09-20,49.0,0.0,0.0,0.0,-0.5270420453734839
2019-09-24,49.0,0.0,0.0,0.0,-0.47766021326079555
2019-09-25,49.0,0.0,0.0,0.0,-0.47766021326079555
2019-09-26,98.0,12.612599999999999,24.254999999999995,0.52,-0.08369289702247586
2019-10-01,637.0,381.32976,615.0479999999999,0.6200000000000001,4.878600598078343
2019-10-02,1470.0,746.7920949999998,1243.3505,0.6006287808626769,4.697178906152807
2019-10-03,784.0,232.46384000000003,547.2320000000001,0.4247994269340974,1.140385571073382
2019-10-04,147.0,18.345600000000005,35.28,0.5200000000000001,-0.2829643199495138
2019-10-07,49.0,0.0,0.0,0.0,-0.3995926634094218
2019-10-08,49.0,0.0,0.0,0.0,-0.3945052231356493
2019-10-10,49.0,0.0,0.0,0.0,-0.36445112151765496
2019-10-12,245.0,0.0,0.0,0.0,-0.34557222671337595
2019-10-14,49.0,0.0,0.0,0.0,-0.34557222671337595
2019-10-16,98.0,0.0,0.0,0.0,-0.3418947611619369
2019-10-19,147.0,0.0,0.0,0.0,-0.3376295944337976
2019-10-22,49.0,0.0,0.0,0.0,-0.3376295944337976
2019-10-23,588.0,78.29514,164.93400000000005,0.47470588235294103,0.17960787451041138
2019-10-24,784.0,67.35637999999999,379.603,0.17743900864850906,0.09770079345015092
2019-10-25,98.0,0.0,38.808000000000014,0.0,-0.34771571074537444
2019-10-26,49.0,0.0,0.0,0.0,-0.34771571074537444
2019-10-29,49.0,0.0,0.0,0.0,-0.34771571074537444
2019-10-30,196.0,40.360320000000016,77.61600000000003,0.52,-0.08989126534304936
2019-11-01,49.0,0.0,0.0,0.0,-0.3573081792372239
2019-11-06,147.0,0.0,0.0,0.0,-0.3562502780664068
2019-11-07,49.0,0.0,0.0,0.0,-0.3562502780664068
2019-11-08,49.0,0.0,0.0,0.0,-0.3562502780664068
2019-11-09,49.0,0.0,0.0,0.0,-0.3562502780664068
2019-11-11,196.0,0.0,0.0,0.0,-0.3562502780664068
2019-11-15,98.0,0.0,75.19049999999999,0.0,-0.3520851411879011
2019-11-17,49.0,0.0,31.531499999999998,0.0,-0.3474963178985281
2019-11-19,196.0,0.0,0.0,0.0,-0.3474963178985281
2019-11-20,49.0,0.0,0.0,0.0,-0.3474963178985281
2019-11-22,147.0,21.56,78.39999999999999,0.275,-0.21004962273289812
2019-11-28,49.0,6.3062999999999985,12.127499999999996,0.52,-0.3094680804795035
2019-12-06,49.0,0.0,0.0,0.0,-0.29144880003528423
2019-12-07,49.0,0.0,0.0,0.0,-0.3464190256395818
2019-12-10,49.0,0.0,0.0,0.0,-0.3981515105750739
2019-12-11,147.0,3.7837800000000015,7.2765,0.5200000000000001,-0.17938789380356363
2019-12-12,392.0,-116.97083999999997,239.512,-0.48837152209492624,-4.074863004365726
2019-12-18,49.0,0.0,33.957,0.0,-0.11366294706877159
2019-12-19,49.0,0.0,0.0,0.0,-0.11366294706877159
2019-12-20,735.0,0.0,0.0,0.0,-0.11366294706877159
2019-12-21,343.0,20.495475,31.53149999999999,0.6500000000000001,0.5544394288941007
2019-12-24,98.0,0.0,0.0,0.0,-0.13610216751608264
2019-12-27,98.0,34.15104,77.61600000000003,0.4399999999999999,0.9608175050099167
2020-01-02,49.0,8.82882,16.978499999999997,0.5200000000000001,0.11134585783622329
2020-01-03,392.0,-46.06,98.0,-0.47000000000000003,-1.671907755549027
2020-01-06,147.0,0.0,0.0,0.0,0.03593023278967071
2020-01-08,49.0,0.0,0.0,0.0,0.03593023278967071
2020-01-09,49.0,0.0,0.0,0.0,0.03593023278967071
2020-01-11,196.0,0.0,0.0,0.0,0.03593023278967071
2020-01-12,196.0,0.0,0.0,0.0,0.09283867501857426
2020-01-13,196.0,0.0,0.0,0.0,0.09283867501857426
2020-01-14,294.0,6.985439999999997,133.40249999999997,0.05236363636363635,0.36898390113500334
2020-01-17,49.0,0.0,0.0,0.0,0.08310495797506186
2020-01-22,49.0,0.0,0.0,0.0,0.08310495797506186
2020-01-23,343.0,0.0,116.42400000000004,0.0,0.08310495797506186
2020-01-26,49.0,0.0,0.0,0.0,0.08310495797506186
2020-01-27,147.0,18.23976,38.80800000000002,0.46999999999999975,0.7959414224954375
2020-01-28,49.0,0.0,0.0,0.0,0.05759029072218603
2020-01-29,49.0,0.0,0.0,0.0,0.05759029072218603
2020-01-30,539.0,0.0,448.32549999999986,0.0,0.05759029072218603
2020-02-02,196.0,0.0,106.72199999999995,0.0,0.08799365772815664
2020-02-03,245.0,12.612599999999997,24.254999999999992,0.52,0.5952185117006553
2020-02-04,392.0,233.1851200000001,402.97599999999983,0.5786575875486386,4.6609205967763625
2020-02-06,49.0,17.87128,38.02400000000001,0.46999999999999986,0.23424941652401823
2020-02-07,343.0,0.17149999999999987,66.15,0.0025925925925925903,-0.12849100122995277
2020-02-08,98.0,0.0,0.0,0.0,-0.1293898675113794
2020-02-09,49.0,17.099774999999994,36.38249999999999,0.4699999999999999,0.1463658978460445
2020-02-17,343.0,0.0,0.0,0.0,-0.2500426887558199
2020-02-18,735.0,0.0,0.0,0.0,-0.2500426887558199
2020-02-19,1176.0,0.0,0.0,0.0,-0.2500426887558199
2020-02-20,294.0,-21.560000000000002,196.0,-0.11000000000000001,-0.7116808438592054
2020-02-25,98.0,0.0,0.0,0.0,-0.2158254013185426
2020-02-26,49.0,0.0,0.0,0.0,-0.19059461508872702
2020-02-28,49.0,0.0,0.0,0.0,-0.18368589506434915
2020-03-03,343.0,50.95999999999999,98.0,0.5199999999999999,0.930320217423268
2020-03-12,196.0,-87.02400000000003,154.35000000000005,-0.5638095238095238,-2.0618274994564243
2020-03-13,49.0,0.0,0.0,0.0,-0.17922447890515553
2020-03-16,49.0,0.0,0.0,0.0,-0.17922447890515553
2020-03-17,49.0,0.0,0.0,0.0,-0.17922447890515553
2020-03-26,98.0,0.0,0.0,0.0,-0.17922447890515553
2020-03-27,49.0,0.0,0.0,0.0,-0.17922447890515553
2020-04-02,49.0,0.0,0.0,0.0,-0.17409856265847187
2020-04-04,98.0,0.0,0.0,0.0,-0.17409856265847187
2020-04-07,49.0,0.0,0.0,0.0,-0.17409856265847187
2020-04-08,49.0,30.270240000000005,58.212,0.52,0.45717511383340725
2020-04-10,343.0,87.43364000000003,188.47850000000005,0.463891849733524,1.5579956966288153
2020-04-12,98.0,0.0,0.0,0.0,-0.23454758316573024
2020-04-13,343.0,0.0,0.0,0.0,-0.23454758316573024
2020-04-14,147.0,0.0,0.0,0.0,-0.23454758316573024
2020-04-15,3430.0,217.04991,2823.600499999998,0.07686990776492643,3.261410582844144
2020-04-16,196.0,16.950079999999996,36.848000000000006,0.4599999999999998,-0.03649782283712872
2020-04-17,392.0,135.21158000000003,279.986,0.48292264613230673,1.7439479335278116
2020-04-18,147.0,0.0,0.0,0.0,-0.30303198054357355
2020-04-19,98.0,17.908128000000005,38.10239999999999,0.47000000000000025,0.047482564052196155
2020-04-20,245.0,17.908128000000005,38.10239999999999,0.47000000000000025,0.035964793162660394
2020-04-21,49.0,5.627160000000002,9.702000000000005,0.5799999999999998,-0.20867193591982747
2020-04-23,49.0,20.180159999999997,38.80800000000002,0.5199999999999997,0.07488125024515764
2020-04-25,49.0,0.0,0.0,0.0,-0.32107960062017493
2020-04-28,147.0,0.0,0.0,0.0,-0.32107960062017493
2020-04-29,196.0,0.0,0.0,0.0,-0.32107960062017493
2020-04-30,1029.0,-32.0166,433.69899999999996,-0.07382216698678115,-0.9370588877822734
2020-05-01,882.0,-53.979135,452.6375000000002,-0.11925466847090657,-1.293646379487709
2020-05-02,147.0,-22.343999999999994,39.20000000000001,-0.5699999999999997,-0.674896217593518
2020-05-03,98.0,0.0,29.105999999999998,0.0,-0.25384897964261205
2020-05-04,49.0,0.0,0.0,0.0,-0.22358036254022837
2020-05-06,49.0,0.0,0.0,0.0,-0.29684925209343066
2020-05-07,49.0,6.403319999999997,14.552999999999999,0.43999999999999984,-0.17179845742617103
2020-05-08,147.0,0.0,0.0,0.0,-0.30147242404255986
2020-05-09,49.0,14.261939999999996,29.105999999999998,0.4899999999999999,-0.022315248398607376
2020-05-11,98.0,0.0,41.23350000000001,0.0,-0.311585698572908
2020-05-12,49.0,0.0,0.0,0.0,-0.311585698572908
2020-05-13,196.0,0.0,0.0,0.0,-0.311585698572908
2020-05-14,98.0,0.0,0.0,0.0,-0.311585698572908
2020-05-17,98.0,0.0,0.0,0.0,-0.311585698572908
2020-05-18,98.0,0.0,0.0,0.0,-0.29115384229188773
2020-05-19,2303.0,480.5961650000002,1299.1860000000001,0.3699209851399262,4.692125945660411
2020-05-20,294.0,-7.738079999999997,47.99550000000003,-0.16122511485451746,-0.36146975347055105
2020-05-22,98.0,38.41992,77.61600000000004,0.4949999999999997,0.10294520977537652
2020-05-25,49.0,0.0,0.0,0.0,-0.2950116922913737
2020-05-28,392.0,-6.403319999999999,101.871,-0.06285714285714285,-0.30446410917123357
2020-05-29,49.0,0.0,0.0,0.0,-0.2269416272719634
2020-05-30,49.0,0.0,26.680499999999988,0.0,-0.18202017151591993
2020-06-03,49.0,0.0,0.0,0.0,-0.18202017151591995
2020-06-06,49.0,0.0,0.0,0.0,-0.17512139303361662
2020-06-08,49.0,0.0,0.0,0.0,-0.1682376171291417
2020-06-18,49.0,0.0,0.0,0.0,-0.166052694484746
2020-06-19,49.0,0.0,0.0,0.0,-0.1583338717765315
2020-06-20,98.0,0.0,0.0,0.0,-0.1583338717765315
2020-06-22,147.0,55.44693000000001,99.44549999999995,0.5575609756097565,0.4505224871336612
2020-06-25,49.0,0.0,0.0,0.0,-0.17882531252492054
2020-06-26,98.0,0.0,0.0,0.0,-0.19179231273140318
2020-06-28,98.0,0.0,0.0,0.0,-0.2145621482393911
2020-06-30,98.0,16.0083,53.36099999999997,0.30000000000000016,-0.045011249159595396
2020-07-01,686.0,68.326335,247.40100000000015,0.27617647058823513,0.5316571560761564
2020-07-02,147.0,-7.168700000000002,35.69650000000001,-0.20082361015785863,-0.335055130284298
2020-07-03,196.0,37.06164000000002,65.48850000000002,0.565925925925926,0.1599696234916458
2020-07-06,147.0,21.441420000000008,41.23350000000001,0.5200000000000001,-0.02574518171222045
2020-07-08,98.0,67.816,176.3999999999999,0.3844444444444447,0.48139835343183884
2020-07-09,8232.0,223.66638000000003,839.2229999999998,0.26651602732527596,2.031271740618685
2020-07-10,1960.0,68.31653500000002,135.43600000000004,0.5044193198263386,0.3527177525386123
2020-07-11,392.0,40.36032,98.78399999999998,0.4085714285714287,0.04079640320578455
2020-07-12,196.0,0.0,77.61600000000004,0.0,-0.3900145351834949
2020-07-13,245.0,36.03166000000002,173.28850000000003,0.20792874310759232,-0.018276336966373635
2020-07-14,2254.0,-40.36032,77.61600000000004,-0.5199999999999997,-0.8142861565199064
2020-07-15,441.0,7.567560000000002,14.552999999999999,0.5200000000000001,-0.3087830664798886
2020-07-16,294.0,0.0,0.0,0.0,-0.4515282469702114
2020-07-17,392.0,-65.91479999999997,188.40499999999997,-0.34985695708712605,-1.7618332453790806
2020-07-18,49.0,0.0,0.0,0.0,-0.3627247233488687
2020-07-20,98.0,2.9882159999999987,5.336100000000002,0.5599999999999996,-0.3027397513771453
2020-07-22,245.0,0.0,0.0,0.0,-0.37021933064065626
2020-07-23,196.0,0.0,118.84949999999999,0.0,-0.37021933064065626
2020-07-25,49.0,0.0,0.0,0.0,-0.37021933064065626
2020-07-27,98.0,0.0,0.0,0.0,-0.37021933064065626
2020-07-29,196.0,16.081065000000006,31.531499999999987,0.5100000000000005,-0.04553955823449845
2020-07-30,49.0,1.2370049999999997,2.4255000000000013,0.5099999999999996,-0.35738198091859485
2020-07-31,49.0,0.0,0.0,0.0,-0.3832956546695525
2020-08-14,147.0,0.0,0.0,0.0,-0.3832956546695525
2020-08-15,637.0,-4.268880000000002,38.80800000000002,-0.10999999999999999,-0.4691462127842198
2020-08-16,147.0,0.0,0.0,0.0,-0.3440967998285882
2020-08-17,294.0,0.0,0.0,0.0,-0.3440967998285882
2020-08-18,392.0,29.712374999999998,60.637499999999996,0.49,0.2622204237855254
2020-08-19,245.0,0.0,38.80800000000002,0.0,-0.36531008129944376
2020-08-20,147.0,0.0,0.0,0.0,-0.353281988104366
2020-08-21,147.0,0.0,0.0,0.0,-0.31117422920408
2020-08-23,49.0,0.0,0.0,0.0,-0.3169437562627954
2020-09-04,49.0,0.0,0.0,0.0,-0.2910902257394798
2020-09-05,49.0,0.0,0.0,0.0,-0.27544604784048393
2020-09-08,49.0,0.0,0.0,0.0,-0.2322022230786949
2020-09-09,98.0,0.0,0.0,0.0,-0.13904082405622692
2020-09-10,98.0,0.0,36.064000000000014,0.0,-0.04255135924535115
2020-09-14,196.0,4.147605000000002,58.212,0.07125000000000004,0.27153191566615875
2020-09-17,147.0,0.0,0.0,0.0,0.02528867246409268
2020-09-18,343.0,0.0,0.0,0.0,0.10547138493517512
2020-09-19,49.0,0.0,0.0,0.0,0.020639576687097864
2020-09-21,784.0,70.63056,339.57000000000016,0.2079999999999999,3.691912603530451
2020-09-22,1666.0,518.53074,997.1745000000003,0.5199999999999999,5.2796362539537895
2020-09-23,588.0,54.08865000000003,147.95549999999992,0.3655737704918037,0.3315709472746832
2020-09-24,98.0,43.12,98.0,0.43999999999999995,0.19888304749409302
2020-09-26,49.0,3.7837800000000024,9.702000000000005,0.39,-0.2225267106917515
2020-09-27,49.0,3.7837800000000024,9.702000000000005,0.39,-0.22395066661248827
2020-09-28,49.0,0.0,0.0,0.0,-0.2644736269111194
2020-09-29,3479.0,0.0,0.0,0.0,-0.2644736269111194
2020-09-30,98.0,0.0,53.36099999999997,0.0,-0.2644736269111194
2020-10-03,49.0,0.0,0.0,0.0,-0.2584726054779747
2020-10-07,98.0,0.0,46.0845,0.0,-0.2580028142347891
2020-10-08,147.0,25.758810000000008,72.76499999999999,0.35400000000000015,0.008381226791421488
2020-10-09,196.0,0.0,0.0,0.0,-0.26749499077300953
2020-10-12,588.0,212.29250000000002,428.75,0.49514285714285716,1.818602641862498
2020-10-13,931.0,862.0432799999996,1699.7120000000002,0.5071702029520292,4.485249041292925
2020-10-14,735.0,478.68002,920.5385,0.52,2.079279989723801
2020-10-15,98.0,0.0,0.0,0.0,-0.3921178155738556
2020-10-16,343.0,38.03184000000002,99.44549999999995,0.38243902439024424,-0.2025684233237926
2020-10-17,49.0,0.0,0.0,0.0,-0.39944578638859785
2020-10-20,147.0,101.91999999999996,196.0,0.5199999999999998,0.1108531040926578
2020-10-21,1911.0,50.95999999999998,1162.7945,0.0438254566907566,-0.16285452134624942
2020-10-22,6125.0,2317.8097599999996,6257.544999999998,0.3704024118084649,4.858600283128139
2020-10-23,3136.0,763.6468699999999,2124.346000000001,0.3594738663099135,1.2688191753709919
2020-10-24,147.0,59.253740000000015,113.9495,0.5200000000000001,-0.2804068518712928
2020-10-25,147.0,42.25221000000003,77.61600000000004,0.544375,-0.3211966857484856
2020-10-26,931.0,85.30508000000005,290.0064999999999,0.29414885528427837,-0.2332730497390596
2020-10-27,1078.0,111.50048000000001,214.4240000000001,0.5199999999999998,-0.183883451253576
2020-10-28,539.0,0.0,0.0,0.0,-0.4300803302782767
2020-10-29,539.0,220.3206600000001,476.86799999999994,0.4620160295930952,0.0403070055394501
2020-10-30,784.0,218.35184000000004,512.9809999999999,0.4256528799312257,0.01989271646097855
2020-10-31,1568.0,699.1320000000003,1514.0999999999997,0.46174757281553425,1.024617737077163
2020-11-01,735.0,251.46016,528.8079999999999,0.47552260934025214,0.06604228266195931
2020-11-02,343.0,20.18016,38.80800000000002,0.5199999999999997,-0.4399950585422178
2020-11-03,343.0,60.54048000000004,116.424,0.5200000000000004,-0.35270890906648455
2020-11-04,245.0,0.0,7.056000000000002,0.0,-0.4855245178570247
2020-11-05,49.0,0.0,0.0,0.0,-0.4851823848702039
2020-11-08,343.0,-5.924100000000004,22.784999999999997,-0.2600000000000002,-0.49766846364527806
2020-11-09,98.0,0.0,0.0,0.0,-0.48464475249339406
2020-11-10,49.0,0.0,0.0,0.0,-0.48464475249339406
2020-11-11,245.0,0.0,21.829499999999992,0.0,-0.48464475249339406
2020-11-12,98.0,0.0,0.0,0.0,-0.48464475249339406
2020-11-13,98.0,0.0,0.0,0.0,-0.4823426779682988
2020-11-15,49.0,0.0,0.0,0.0,-0.4823426779682988
2020-11-16,147.0,0.0,0.0,0.0,-0.4650571772846054
2020-11-17,392.0,0.0,0.0,0.0,-0.4157178025882737
2020-11-18,98.0,13.523999999999996,29.4,0.45999999999999985,-0.35201530623833005
2020-11-19,147.0,152.88000000000002,294.0,0.5200000000000001,-0.04672874146647653
2020-11-20,147.0,20.18016,38.80800000000002,0.5199999999999997,-0.34782499805181044
2020-11-23,49.0,0.0,0.0,0.0,-0.3938232599537559
2020-11-24,196.0,23.03,49.0,0.47000000000000003,-0.33483690156398443
2020-11-25,98.0,11.763674999999997,16.9785,0.6928571428571427,-0.3571715425668486
2020-11-26,98.0,68.30208,155.23200000000008,0.4399999999999998,-0.13821492674219024
2020-11-27,49.0,0.0,0.0,0.0,-0.49786491604104954
2020-11-28,2401.0,27.502474999999997,123.60249999999998,0.2225074331020813,-0.28958617398175535
2020-11-29,147.0,0.0,0.0,0.0,-0.47763775798929303
2020-11-30,343.0,0.0,0.0,0.0,-0.45555561345540524
2020-12-01,98.0,0.0,0.0,0.0,-0.42826432482978755
2020-12-02,294.0,0.0,72.76499999999999,0.0,-0.42826432482978755
2020-12-03,147.0,10.6722,24.254999999999992,0.44000000000000017,-0.3076225235779473
2020-12-04,147.0,-13.097699999999998,24.254999999999992,-0.5400000000000001,-0.4360315274581266
2020-12-05,588.0,-32.25915,235.27350000000013,-0.1371134020618556,-0.9794231678006147
2020-12-06,245.0,0.0,0.0,0.0,-0.36912398621919235
2020-12-07,294.0,-7.3977749999999975,12.127499999999996,-0.61,-0.5673852318140016
2020-12-08,49.0,0.0,0.0,0.0,-0.28832104367296346
2020-12-09,196.0,0.0,0.0,0.0,-0.28832104367296346
2020-12-10,294.0,0.0,0.0,0.0,-0.28832104367296346
2020-12-11,49.0,0.0,0.0,0.0,-0.2953921711630472
2020-12-12,49.0,0.0,0.0,0.0,-0.2953921711630472
2020-12-15,98.0,0.0,0.0,0.0,-0.2953921711630472
2020-12-16,98.0,0.0,0.0,0.0,-0.2953921711630472
2020-12-17,98.0,-0.5228300000000002,4.753,-0.11000000000000004,-0.3116195453553073
2020-12-19,49.0,0.0,0.0,0.0,-0.29478054880192245
2020-12-20,196.0,0.0,0.0,0.0,-0.29478054880192245
2020-12-21,882.0,125.29152999999998,351.5750000000001,0.3563721254355399,2.999404345483161
2020-12-22,196.0,-24.990000000000002,49.0,-0.51,-0.9893100433316456
2020-12-23,147.0,0.0,0.0,0.0,-0.3173411402851241
2020-12-24,147.0,-19.501020000000004,70.33949999999999,-0.2772413793103449,-0.9239699253908655
2020-12-26,196.0,0.0,0.0,0.0,-0.20221907308083092
2020-12-27,98.0,0.0,0.0,0.0,-0.20221907308083092
2020-12-28,49.0,17.07552,38.80800000000002,0.4399999999999998,0.42019011926744587
2020-12-29,784.0,93.01846400000001,188.9146000000001,0.4923836696581416,2.6637122931371886
2020-12-30,245.0,0.0,0.0,0.0,-0.19621947886243454
2020-12-31,147.0,61.86544000000002,118.97199999999995,0.5200000000000004,1.7136049766083463
2021-01-01,49.0,0.0,0.0,0.0,-0.22383610663210177
2021-01-02,98.0,0.0,0.0,0.0,-0.22383610663210177
2021-01-03,147.0,0.0,0.0,0.0,-0.22383610663210177
2021-01-04,392.0,22.621339999999996,148.44549999999998,0.15238818286846015,0.47346089504236916
2021-01-05,539.0,17.580024,39.29310000000001,0.44740740740740736,0.2940633251393778
2021-01-06,784.0,8.925839999999996,19.404000000000014,0.4599999999999994,0.020344621272686464
2021-01-07,2842.0,12.768909999999996,55.516999999999996,0.22999999999999995,0.11617764655033477
2021-01-08,343.0,10.555775999999994,23.990399999999983,0.44000000000000006,-0.0006822135867937661
2021-01-09,98.0,0.0,0.0,0.0,-0.35029409144283724
2021-01-10,98.0,25.479999999999983,49.0,0.5199999999999997,0.4584666572823997
2021-01-11,98.0,41.28201000000002,67.91400000000002,0.607857142857143,0.9259017267516819
2021-01-12,98.0,41.28201000000002,67.91400000000002,0.607857142857143,0.8719103202059654
2021-01-13,98.0,0.0,0.0,0.0,-0.4682780232919061
2021-01-14,98.0,36.859760000000016,87.80800000000006,0.41977678571428556,0.6854545721446302
2021-01-15,49.0,17.836000000000013,34.29999999999998,0.5200000000000007,0.05156611803197172
2021-01-16,49.0,5.699924999999994,12.127499999999996,0.4699999999999997,-0.3495420365613402
2021-01-19,147.0,-1.8110400000000009,16.464000000000006,-0.11000000000000001,-0.5914250979413178
2021-01-20,147.0,0.0,0.0,0.0,-0.5332661811955828
2021-01-22,1617.0,0.0,0.0,0.0,-0.5332661811955828
2021-01-23,343.0,0.0,0.0,0.0,-0.5332661811955828
2021-01-24,196.0,0.0,0.0,0.0,-0.5251015557890493
2021-01-25,1274.0,103.60217000000002,688.5234999999997,0.15047005657758966,3.169243261595594
2021-01-26,637.0,134.456,431.20000000000033,0.31181818181818155,3.289523293034264
2021-01-27,392.0,-44.51355999999998,169.589,-0.26247905229702384,-1.8092329925830446
2021-01-28,2499.0,323.82728000000014,2056.1625000000004,0.15749109323801017,4.5077667185486785
2021-01-29,147.0,0.0,16.978500000000004,0.0,-0.4763112325178817
2021-02-01,49.0,11.351339999999997,21.829499999999992,0.52,-0.2984398449801629
2021-02-02,98.0,-17.075520000000008,38.80800000000003,-0.4399999999999999,-0.6845927931160332
2021-02-03,98.0,0.0,38.80800000000003,0.0,-0.4198904684255932
2021-02-05,147.0,0.0,0.0,0.0,-0.38886384867018714
2021-02-08,98.0,37.24000000000002,98.0,0.3800000000000002,0.170896407284655
2021-02-09,49.0,0.0,0.0,0.0,-0.4090156908562377
2021-02-10,196.0,30.669100000000007,60.09850000000005,0.5103139013452912,0.052802831544746166
2021-02-11,98.0,2.134440000000001,4.8510000000000035,0.4399999999999999,-0.38122459296882205
2021-02-13,98.0,0.0,0.0,0.0,-0.40434118596465835
2021-02-15,196.0,0.0,0.0,0.0,-0.3991041167101018
2021-02-16,147.0,0.0,0.0,0.0,-0.3917329382814815
2021-02-19,147.0,8.82882,16.978500000000004,0.5199999999999999,-0.2540632972199964
2021-02-22,245.0,0.0,34.177500000000016,0.0,-0.3907574720035397
2021-02-25,49.0,0.0,0.0,0.0,-0.3766826674466016
2021-03-02,588.0,51.71166000000003,121.27499999999998,0.42640000000000033,0.415868532636965
2021-03-03,392.0,198.94000000000008,343.0,0.5800000000000003,2.3469084077892357
2021-03-04,49.0,0.0,0.0,0.0,-0.4166260804468284
2021-03-05,392.0,-6.548849999999998,14.553,-0.44999999999999984,-0.48558829987389357
2021-03-06,735.0,31.531499999999987,141.68349999999992,0.2225488500778143,0.03502062207838898
2021-03-07,196.0,34.151040000000016,77.61600000000006,0.4399999999999999,0.058253836490678265
2021-03-08,1372.0,179.31035500000004,357.47950000000014,0.5015961894318415,1.8699156671242887
2021-03-09,1323.0,2.5225199999999997,43.65899999999997,0.05777777777777781,-0.43792353888836655
2021-03-10,343.0,40.360319999999994,77.61600000000006,0.5199999999999996,0.03857186435939532
2021-03-11,98.0,0.0,0.0,0.0,-0.49027722113380834
2021-03-12,147.0,-39.28133999999996,70.82950000000002,-0.5545901072293317,-0.9755388244494614
2021-03-13,784.0,0.0,65.48850000000003,0.0,-0.42686722090129475
2021-03-14,833.0,239.0572799999999,543.3120000000001,0.4399999999999997,2.440324775917811
2021-03-15,931.0,182.55121499999993,447.54150000000016,0.4078978485794052,1.6189787661306085
2021-03-16,147.0,0.0,0.0,0.0,-0.4808217510605489
2021-03-17,49.0,0.0,0.0,0.0,-0.4808217510605488
2021-03-18,245.0,0.0,0.0,0.0,-0.474259726667813
2021-03-19,245.0,0.0,22.049999999999983,0.0,-0.4849880303625376
2021-03-20,147.0,0.0,0.0,0.0,-0.4849880303625376
2021-03-21,147.0,57.43584000000003,77.61600000000006,0.7399999999999998,0.32909942285035265
2021-03-22,490.0,22.540000000000024,98.0,0.23000000000000023,-0.17595153384748866
2021-03-23,343.0,18.91890000000001,36.38249999999999,0.5200000000000005,-0.23916858227213195
2021-03-24,343.0,0.0,0.0,0.0,-0.5005598769755921
2021-03-26,147.0,0.0,0.0,0.0,-0.49926444542830845
2021-03-27,98.0,101.91999999999993,196.0,0.5199999999999997,0.9342934690807743
2021-03-29,98.0,20.568240000000003,38.80800000000003,0.5299999999999997,-0.2558775005136382
2021-03-30,294.0,0.0,0.0,0.0,-0.5552090367820103
2021-03-31,196.0,0.0,0.0,0.0,-0.5497763501532682
2021-04-01,49.0,0.0,0.0,0.0,-0.5497763501532682
2021-04-02,49.0,0.0,0.0,0.0,-0.5497763501532682
2021-04-03,147.0,0.0,0.0,0.0,-0.5226311255696977
2021-04-04,147.0,0.0,0.0,0.0,-0.47265400879611713
2021-04-05,147.0,-2.4012449999999994,99.44549999999995,-0.024146341463414638,-0.5095222871597083
2021-04-06,49.0,0.0,0.0,0.0,-0.47544381872890906
2021-04-09,49.0,0.0,0.0,0.0,-0.45693747554033987
2021-04-10,196.0,0.0,0.0,0.0,-0.43735289447536935
2021-04-11,49.0,0.0,0.0,0.0,-0.3819880250764513
2021-04-12,294.0,0.0,0.0,0.0,-0.3802881967386247
2021-04-13,49.0,0.0,0.0,0.0,-0.3562872395092889
2021-04-14,196.0,59.643045,113.99850000000005,0.5231914893617019,0.6649043158286769
2021-04-15,686.0,-2.134440000000001,58.21199999999999,-0.03666666666666669,-0.4568373390039918
2021-04-16,147.0,0.0,26.68049999999998,0.0,-0.4184545452720495
2021-04-17,147.0,0.0,0.0,0.0,-0.39576586264271696
2021-04-18,245.0,0.0,49.0,0.0,-0.39914210892680546
2021-04-19,1323.0,-95.04824000000004,453.5930000000002,-0.20954520903100354,-3.402804113828427
2021-04-20,1764.0,-51.29442499999995,160.25449999999995,-0.320081027365846,-1.769795593355605
2021-04-21,1029.0,152.8457,603.2880000000004,0.2533544509421701,3.481654181314817
2021-04-22,294.0,-17.657639999999997,38.80800000000003,-0.45499999999999957,-0.6394247902610574
2021-04-23,98.0,0.0,0.0,0.0,-0.21339420119331323
2021-04-24,49.0,0.0,0.0,0.0,-0.17122420145987088
2021-04-26,294.0,58.21199999999999,279.2999999999999,0.20842105263157898,1.2091817747040476
2021-04-27,2352.0,182.32704000000004,1317.8795000000002,0.13834879440798648,3.251262813564889
2021-04-28,490.0,-27.93000000000001,165.4240000000001,-0.1688388625592417,-0.7742962942375557
2021-04-29,588.0,24.01245,72.76499999999999,0.33000000000000007,0.20195282987174967
2021-04-30,1372.0,133.916265,620.634,0.2157733301752724,2.19312105437131
2021-05-01,196.0,0.0,0.0,0.0,-0.25351913830344636
2021-05-02,49.0,16.396379999999997,31.53149999999998,0.5200000000000002,0.03735334041206114
2021-05-03,196.0,-12.528319999999997,36.848,-0.3399999999999999,-0.48490413684301376
2021-05-04,98.0,0.0,46.0845,0.0,-0.2554290033011466
2021-05-05,245.0,0.0,0.0,0.0,-0.2554290033011466
2021-05-06,147.0,-1.28821,11.711,-0.11,-0.278179625889067
2021-05-07,4949.0,28.936214999999994,2283.596000000001,0.012671337224272586,0.25764002332059366
2021-05-08,637.0,13.14621000000001,75.19050000000003,0.17483870967741943,-0.041069248146395954
2021-05-09,196.0,51.90570000000001,155.23200000000008,0.33437499999999987,0.6345956199292999
2021-05-10,784.0,41.645834999999984,177.0615,0.23520547945205472,0.42154227534754507
2021-05-11,49.0,0.0,0.0,0.0,-0.33704558241989385
2021-05-12,5684.0,1379.59745,5818.2355,0.2371161239520126,5.254535200762734
2021-05-13,931.0,-121.34409000000005,699.7935,-0.17339985295662227,-0.7206353507067578
2021-05-14,245.0,-2.2892800000000046,248.5280000000001,-0.009211356466876987,-0.24836670207947803
2021-05-16,147.0,0.0,0.0,0.0,-0.23119855595714425
2021-05-17,1666.0,-481.44753999999995,1078.4654999999998,-0.4464190463209069,-1.9375362534706373
2021-05-18,2058.0,-340.65975999999995,724.8079999999995,-0.47000000000000025,-1.3326195583500111
2021-05-19,147.0,-23.030000000000005,49.0,-0.4700000000000001,-0.1910462329840742
2021-05-20,98.0,0.0,0.0,0.0,-0.1085151987303734
2021-05-21,294.0,14.502040000000001,62.42600000000004,0.2323076923076922,-0.06986905563544023
2021-05-24,196.0,8.82882,16.9785,0.52,-0.09761782232357506
2021-05-25,196.0,32.792759999999994,63.06299999999996,0.5200000000000002,0.003099047803043264
2021-05-26,637.0,92.07197999999993,276.50699999999995,0.33298245614035066,0.20397940415305105
2021-05-27,98.0,3.3471900000000017,14.552999999999997,0.23000000000000015,-0.11686461677938291
2021-05-28,196.0,0.0,0.0,0.0,-0.12895380663658557
2021-05-30,98.0,0.0,0.0,0.0,-0.12192821303331978
2021-06-04,49.0,0.0,0.0,0.0,-0.10046312367291887
2021-06-05,49.0,0.0,0.0,0.0,-0.1038950528480803
2021-06-07,196.0,0.0,0.0,0.0,-0.10097185730978327
2021-06-08,686.0,109.84232000000007,315.021,0.3486825322756263,0.30095912188871693
2021-06-09,98.0,22.074500000000004,56.34999999999995,0.39173913043478303,-0.02062544195375597
2021-06-10,196.0,38.80016000000002,87.80800000000006,0.4418749999999999,0.03744378792900387
2021-06-11,49.0,20.180159999999997,38.80800000000003,0.5199999999999996,-0.03419842961212294
2021-06-18,49.0,0.0,0.0,0.0,-0.1075624674261261
2021-06-21,2352.0,-167.21813500000005,1071.6789999999996,-0.1560337890357095,-0.6896259297567178
2021-06-22,1323.0,-9.478314999999972,645.6484999999997,-0.014680302052897167,-0.11978128802156164
2021-06-23,588.0,11.06028,156.21200000000005,0.07080301129234629,-0.04357210402208395
2021-06-24,49.0,0.0,4.8510000000000035,0.0,-0.08186522364215569
2021-06-25,441.0,0.0,0.0,0.0,-0.07563413354578652
2021-06-28,49.0,0.0,0.0,0.0,-0.0706293174099495
2021-06-29,49.0,17.288964,39.2931,0.43999999999999995,-0.010367624188244077
2021-06-30,98.0,0.0,0.0,0.0,0.22478894691573859
2021-07-01,98.0,0.0,0.0,0.0,0.191758001820563
2021-07-05,245.0,-6.306299999999996,9.702000000000005,-0.6499999999999992,0.13743378383080262
2021-07-06,294.0,0.0,0.0,0.0,0.19297218082997583
2021-07-07,147.0,0.0,0.0,0.0,0.07826552999400987
2021-07-08,735.0,10.74864,23.520000000000017,0.4569999999999997,0.11715242194229637
2021-07-09,637.0,45.724350000000015,135.975,0.3362702702702704,0.8937412270081944
2021-07-10,1372.0,151.91886500000007,371.4935000000002,0.40894084284112636,2.8142455405830162
2021-07-11,637.0,74.49715,284.29799999999983,0.26203895208548794,1.1740000660233734
2021-07-12,1568.0,236.14472000000015,486.4719999999999,0.4854230459307014,3.3244604939904767
2021-07-13,343.0,72.51999999999998,185.80800000000005,0.3902953586497888,0.7473497540507381
2021-07-14,147.0,80.72063999999999,155.23200000000008,0.5199999999999997,0.8847829387655542
2021-07-15,147.0,0.0,0.0,0.0,-0.3664352323409911
2021-07-16,49.0,16.558080000000015,37.63200000000002,0.44000000000000017,-0.11833662842246574
2021-07-17,931.0,250.66440000000003,712.6559999999997,0.35173267326732693,2.8748759213184907
2021-07-18,1225.0,807.3710400000003,1706.3759999999988,0.4731495520330812,4.729326273641573
2021-07-19,1372.0,488.4557649999996,1172.3005000000003,0.41666429810445316,2.3531926941068493
2021-07-20,2009.0,12.612599999999992,24.254999999999985,0.52,-0.36253868676148304
2021-07-21,931.0,-124.86473999999997,322.59150000000017,-0.38706766917293206,-1.0807168858243485
2021-07-22,294.0,-29.88216,67.91399999999999,-0.44000000000000006,-0.5375883910777195
2021-07-23,343.0,55.86000000000002,98.0,0.5700000000000002,-0.06295304763082508
2021-07-24,245.0,75.28751999999999,155.23200000000008,0.48499999999999965,0.03515102292670802
2021-07-25,196.0,40.360319999999994,77.61600000000004,0.5199999999999997,-0.16764250246015563
2021-07-26,392.0,106.1261600000001,303.996,0.34910380399742136,0.1539132200805978
2021-07-27,833.0,-68.50298000000001,340.62350000000015,-0.20111055167949357,-0.8357489669183378
2021-07-28,147.0,-5.39,49.0,-0.10999999999999999,-0.47065774778954
2021-07-29,1176.0,137.92422,317.8139999999999,0.4339777983348752,0.3229381875574171
2021-07-30,294.0,10.04157,21.829499999999985,0.4600000000000003,-0.41161034065274643
2021-07-31,147.0,-52.39079999999997,116.42399999999996,-0.4499999999999999,-0.754778898460315
2021-08-03,686.0,29.008979999999998,94.59450000000002,0.3066666666666666,-0.293552371390483
2021-08-04,1029.0,5.045039999999999,130.97700000000006,0.038518518518518494,-0.4312959871011984
2021-08-05,98.0,0.0,0.0,0.0,-0.4600663653085411
2021-08-08,147.0,0.0,58.211999999999975,0.0,-0.4615300265143209
2021-08-09,49.0,0.0,31.53149999999998,0.0,-0.4615300265143209
2021-08-15,147.0,50.959999999999965,98.0,0.5199999999999997,-0.18100984880676557
2021-08-16,2989.0,-83.49869499999994,352.04050000000024,-0.2371849119632539,-0.9215767551951187
2021-08-17,343.0,-59.779999999999966,98.0,-0.6099999999999997,-0.7603240333477779
2021-08-18,4704.0,-1665.5712500000009,3895.2549999999965,-0.42758978552110255,-4.678466387510512
2021-08-19,2450.0,-9.931564999999994,729.0955000000002,-0.013621761483920818,-0.06253726772410174
2021-08-20,34790.0,1912.0552149999994,13787.1545,0.13868381724452275,3.728797642841062
2021-08-21,4459.0,461.5817150000004,2713.0565000000015,0.17013346939144103,0.761273012511674
2021-08-22,1274.0,-5.416705,532.8505000000004,-0.010165524851717313,-0.16791402381014167
2021-08-23,4263.0,258.9137950000001,1456.2555000000004,0.17779420918925287,0.3432429534060018
2021-08-24,5488.0,379.9682950000003,1824.7600000000002,0.2082291890440388,0.5580771340902891
2021-08-25,2744.0,-95.13080500000007,462.6334999999998,-0.20562887253084808,-0.3632067363896615
2021-08-26,1715.0,39.38080999999999,141.53649999999993,0.2782378397091917,-0.046824729772187296
2021-08-27,833.0,53.604039999999976,156.06500000000008,0.34347252747252716,0.0125125233175896
2021-08-28,98.0,0.0,16.978499999999997,0.0,-0.09854413919057904
2021-08-29,294.0,-11.284699999999996,24.01,-0.4699999999999998,-0.13026631726304633
2021-08-30,196.0,-11.39984999999999,24.254999999999985,-0.46999999999999986,-0.13182176753308048
2021-08-31,931.0,104.37294000000001,271.72950000000014,0.38410603191777104,0.10704090383513047
2021-09-01,588.0,-15.91128,150.38100000000006,-0.10580645161290318,-0.13821735142696884
2021-09-02,1862.0,112.95577999999996,250.80649999999997,0.4503702256520464,0.12622460685090267
2021-09-03,490.0,6.626759999999999,14.405999999999988,0.4600000000000003,-0.08918445856305526
2021-09-05,196.0,0.0,0.0,0.0,-0.1079086864785807
2021-09-06,245.0,0.0,9.702000000000005,0.0,-0.10828935425866382
2021-09-07,3234.0,11.060279999999999,104.37000000000005,0.10597183098591544,-0.07632363785849923
2021-09-08,1029.0,50.959999999999965,98.0,0.5199999999999997,0.004371520863533848
2021-09-09,441.0,37.098880000000015,71.34400000000002,0.52,-0.030927602442471697
2021-09-10,588.0,2.834650000000005,71.98100000000002,0.039380530973451386,-0.10089742294383564
2021-09-11,784.0,356.8219200000001,745.1920000000006,0.4788321935823248,0.612427087961393
2021-09-12,441.0,16.323860000000007,165.91399999999996,0.09838747784997054,-0.09773279830009571
2021-09-13,539.0,0.0,0.0,0.0,-0.13172813429307423
2021-09-14,196.0,0.0,0.0,0.0,-0.13172813429307423
2021-09-15,441.0,0.0,0.0,0.0,-0.12815571084659474
2021-09-16,1127.0,40.360319999999994,77.61600000000004,0.5199999999999997,-0.05280231050052884
2021-09-17,1078.0,57.68672,188.55200000000002,0.30594594594594593,-0.024867519140131855
2021-09-18,1127.0,0.0,98.0,0.0,-0.3522346836586499
2021-09-19,1225.0,-15.377670000000004,29.105999999999987,-0.5283333333333337,-0.39493701573258716
2021-09-20,1372.0,-207.7859700000001,535.5944999999999,-0.3879538904899138,-1.9286768524791131
2021-09-21,2597.0,549.6232,1065.8725000000004,0.5156556717618662,3.389699322487046
2021-09-22,980.0,60.82566000000004,128.84550000000004,0.4720821448944668,0.009724144275659432
2021-09-23,2989.0,418.55995999999965,804.9230000000006,0.5199999999999992,2.2881015576882158
2021-09-24,4067.0,-407.1062099999999,1878.071999999999,-0.21676815904821548,-2.69534011639723
2021-09-25,1029.0,-93.86391,394.7685,-0.23776950288586857,-0.8010642883339907
2021-09-26,2009.0,-7.44628499999999,166.96749999999997,-0.044597212032281675,-0.2684686271347204
2021-09-27,2352.0,70.16996000000002,199.87099999999984,0.35107624417749483,0.19708400816401486
2021-09-28,1323.0,-25.194819999999986,193.2315,-0.13038671231139842,-0.3732206332508487
2021-09-29,1274.0,-4.559939999999998,130.97700000000006,-0.034814814814814785,-0.2502309772633893
2021-09-30,343.0,6.306299999999996,21.829499999999985,0.2888888888888889,-0.1884027018713155
2021-10-01,980.0,-8.983660000000008,224.3709999999998,-0.0400393098929898,-0.25833351385804587
2021-10-02,637.0,-2.7925100000000045,297.84650000000005,-0.009375668339228442,-0.22369127828444235
2021-10-03,49.0,38.729599999999984,74.48000000000002,0.5199999999999997,0.04273318297017012
2021-10-04,196.0,0.0,0.0,0.0,-0.1911821763135563
2021-10-05,98.0,0.0,0.0,0.0,-0.1911821763135563
2021-10-06,539.0,7.083929999999996,64.0185,0.11065442020665894,-0.14962457128882278
2021-10-07,784.0,93.76640000000006,255.5839999999999,0.36687116564417216,0.3595656566483504
2021-10-08,1274.0,-1.5765750000000018,128.55150000000006,-0.012264150943396234,-0.20782448688239544
2021-10-09,1372.0,-198.86012999999986,671.4960000000002,-0.29614492119089286,-1.314727780568784
2021-10-10,441.0,-58.313185,439.50550000000015,-0.13267907910139914,-0.47504918981036315
2021-10-11,1666.0,81.92799999999994,455.8959999999999,0.17970765262252786,0.4277588741028357
2021-10-12,833.0,311.8480050000001,619.5315000000002,0.5033610155415826,1.7126962976513618
2021-10-13,490.0,0.40008500000000435,120.78500000000011,0.003312373225152163,-0.13729274991583842
2021-10-14,196.0,0.0,67.914,0.0,-0.13966916228778312
2021-10-15,539.0,-61.34799999999999,280.378,-0.21880461377140858,-0.4900395847034357
2021-10-18,196.0,9.604979999999998,21.829499999999985,0.44000000000000017,-0.06414577961478368
2021-10-19,98.0,31.28650000000002,66.15000000000003,0.47296296296296303,0.06942508373180445
2021-10-20,196.0,5.316499999999997,17.14999999999999,0.31,-0.08543929586326643
2021-10-21,833.0,7.6109250000000035,225.30200000000005,0.0337809917355372,-0.076437378859265
2021-10-22,490.0,18.513669999999998,75.92550000000004,0.2438399483704419,-0.05839647638811945
2021-10-23,294.0,30.270240000000015,58.21199999999999,0.5200000000000004,0.1484670870457787
2021-10-24,1421.0,-175.42612499999993,518.1260000000003,-0.33857811613391303,-1.3174055996571927
2021-10-25,5831.0,151.14613500000002,2834.1355000000017,0.0533305958730625,1.367760520632641
2021-10-26,1960.0,187.60826,524.1040000000003,0.3579599850411367,1.863233047842772
2021-10-27,588.0,26.61435000000002,60.269999999999996,0.4415853658536589,0.09681510356868216
2021-10-28,490.0,61.280380000000015,122.79400000000001,0.499050279329609,0.4510262560244806
2021-10-29,245.0,3.7974999999999985,12.25,0.3099999999999999,-0.15478235837221843
2021-10-30,49.0,0.0,0.0,0.0,-0.20644215172412558
2021-11-01,49.0,0.0,0.0,0.0,-0.20820059495703927
2021-11-02,2205.0,-924.5677700000005,1575.0070000000012,-0.5870245465575707,-4.749334657686938
2021-11-03,343.0,-173.12287999999992,283.808,-0.6099999999999998,-0.8003541700004317
2021-11-04,147.0,-29.889999999999983,49.0,-0.6099999999999997,-0.05841001278950739
2021-11-05,1078.0,0.0,0.0,0.0,0.10223704487847542
2021-11-06,735.0,9.212000000000002,78.40000000000003,0.11749999999999997,0.1481087088464029
2021-11-07,196.0,0.0,0.0,0.0,0.10063431317788114
2021-11-08,735.0,50.959999999999965,98.0,0.5199999999999997,0.35506250996011607
2021-11-09,196.0,40.360319999999994,77.61600000000006,0.5199999999999996,0.31095771970267555
2021-11-10,98.0,-5.530139999999999,9.702000000000007,-0.5699999999999995,0.07462013668548424
2021-11-11,147.0,0.0,0.0,0.0,0.06997785931250519
2021-11-12,392.0,-3.419955000000002,7.276499999999999,-0.47000000000000036,0.042495201723476636
2021-11-13,3038.0,-591.4123599999998,1206.7720000000004,-0.4900779600454764,-2.578711427354468
2021-11-14,735.0,-169.56008999999986,369.215,-0.45924485733244824,-0.5758515514850218
2021-11-15,294.0,-47.096349999999994,100.20500000000007,-0.46999999999999964,0.021681719781440116
2021-11-16,392.0,-40.42499999999998,124.8029999999999,-0.32391048292108376,0.06040674796060472
2021-11-17,294.0,22.702679999999994,43.65899999999998,0.5200000000000001,0.35083504858041314
2021-11-18,245.0,8.925839999999997,38.80800000000003,0.22999999999999976,0.2845980040734882
2021-11-19,588.0,0.0,0.0,0.0,0.24702596275949526
2021-11-20,49.0,0.0,0.0,0.0,0.24793608905496217
2021-11-21,343.0,0.0,0.0,0.0,0.2492417301772029
2021-11-22,539.0,101.91999999999993,196.0,0.5199999999999997,0.7226334036158832
2021-11-23,588.0,57.29055499999997,114.97850000000001,0.49827189431067515,0.5034577795795162
2021-11-24,833.0,87.61788,158.12300000000002,0.5541121784939572,0.6066305751029647
2021-11-25,441.0,0.0,0.0,0.0,0.2144902259937355
2021-11-26,343.0,59.764319999999984,189.18900000000002,0.3158974358974358,0.5342019171760671
2021-12-01,245.0,38.32192000000002,73.69600000000001,0.5200000000000002,0.426133500352579
2021-12-03,49.0,0.0,0.0,0.0,0.24822240821590913
2021-12-04,49.0,0.0,0.0,0.0,0.24888932482644946
2021-12-05,392.0,0.0,0.0,0.0,0.24888932482644946
2021-12-06,1029.0,47.97099999999997,102.9,0.4661904761904759,0.47713028812631825
2021-12-07,1176.0,116.15058000000003,242.77049999999988,0.47843778383287955,1.0571954488526005
2021-12-08,196.0,1.2357800000000008,2.3765000000000005,0.5200000000000002,0.0786551389931667
2021-12-09,294.0,0.0,0.0,0.0,0.060006571285897425
2021-12-10,539.0,114.19254000000006,281.358,0.40586206896551746,0.968243995670045
2021-12-11,245.0,0.0,37.240000000000016,0.0,0.03021452350918555
2021-12-12,441.0,-18.439679999999992,94.20249999999999,-0.19574512353706106,-0.11660326329542348
2021-12-13,441.0,-7.448000000000006,205.79999999999998,-0.036190476190476224,-0.01007373879233381
2021-12-14,147.0,23.67239,125.09699999999991,0.18923227575401502,0.2521279670072933
2021-12-15,1029.0,87.38023000000007,536.599,0.16284083645329206,0.7465805553956489
2021-12-16,294.0,11.76367500000001,128.5515000000001,0.09150943396226416,0.12343183751998321
2021-12-17,49.0,0.0,0.0,0.0,0.026082553402102884
2021-12-18,196.0,13.453439999999997,25.872000000000003,0.5199999999999998,-0.06485948975086628
2021-12-19,98.0,-12.389160000000007,28.811999999999987,-0.43000000000000044,-0.8163087113509178
2021-12-20,784.0,97.020735,415.27500000000003,0.2336300884955752,1.649559266017719
2021-12-21,98.0,-18.555075,36.38249999999999,-0.51,-1.1172873213114753
2021-12-22,294.0,-16.008300000000002,46.0845,-0.34736842105263166,-1.006891683291925
2021-12-23,98.0,2.1344400000000006,4.8510000000000035,0.4399999999999998,-0.5698798356328004
2021-12-24,245.0,10.09008,50.93549999999998,0.19809523809523816,-0.3912890121389616
2021-12-26,49.0,0.0,0.0,0.0,-0.6308425549477924
2021-12-28,98.0,0.0,0.0,0.0,-0.6308425549477924
2021-12-29,441.0,0.0,0.0,0.0,-0.5799170888072632
2021-12-30,490.0,0.0,0.0,0.0,-0.53626532963038
2021-12-31,196.0,3.759525,12.127499999999996,0.3100000000000001,-0.38925902462222256
2022-01-01,196.0,0.0,0.0,0.0,-0.48874779464115475
2022-01-02,294.0,0.0,0.0,0.0,-0.44377984004006915
2022-01-03,147.0,3.759525,12.127499999999998,0.31000000000000005,-0.31283984674848847
2022-01-04,49.0,25.97,49.0,0.53,0.2650019287367725
2022-01-05,147.0,0.0,0.0,0.0,-0.43872220654808286
2022-01-06,196.0,0.0,0.0,0.0,-0.43872220654808286
2022-01-07,686.0,250.6594999999999,542.3809999999999,0.4621465353690486,4.079923419766966
2022-01-08,6370.0,2386.451655,5228.2755,0.4564510142971617,5.34364676788601
2022-01-09,1029.0,357.70980000000003,777.6300000000001,0.45999999999999996,0.5746070385282008
2022-01-10,3675.0,762.2280750000001,1672.7865000000008,0.4556636934838963,1.4068646130093496
2022-01-11,1078.0,45.248559999999976,99.42099999999994,0.4551207491375062,-0.19836817865333214
2022-01-12,1715.0,-193.94199999999995,566.8320000000001,-0.3421507607192253,-0.7155172102347281
2022-01-13,1078.0,250.80748000000003,626.7835,0.40015009967556586,0.2557313845173542
2022-01-14,294.0,34.151040000000016,77.61600000000003,0.44000000000000006,-0.23068343261204888
2022-01-15,49.0,0.0,0.0,0.0,-0.30499116571476975
2022-01-16,98.0,0.0,0.0,0.0,-0.29809839845110636
2022-01-17,1274.0,591.12424,1163.0150000000003,0.5082688013482197,0.9613186763980651
2022-01-18,1813.0,306.17111,816.3890000000001,0.3750309105095732,0.3135884690003596
2022-01-19,588.0,11.230065000000003,24.254999999999995,0.46300000000000024,-0.33372592029177733
2022-01-20,6370.0,54.45467999999997,183.23549999999997,0.2971841155234656,-0.2441056316587693
2022-01-21,686.0,19.976319999999994,38.416,0.5199999999999999,-0.31385203995493843
2022-01-22,49.0,0.0,0.0,0.0,-0.35925747264871394
2022-01-23,98.0,0.0,0.0,0.0,-0.3605893134090386
2022-01-24,245.0,25.479999999999983,49.0,0.5199999999999997,-0.3064725483248522
2022-01-25,98.0,0.0,0.0,0.0,-0.3616714506029201
2022-01-26,882.0,56.053304999999995,174.636,0.3209722222222222,-0.24284738040111967
2022-01-27,9457.0,321.42995500000023,3943.1034999999997,0.08151699670069534,0.31790672986015284
2022-01-28,1862.0,-5.627159999999996,765.6739999999996,-0.0073492896454626895,-0.40195689888311525
2022-01-29,539.0,3.8322900000000035,227.99700000000004,0.016808510638297885,-0.38144856498704244
2022-01-30,588.0,40.36032,133.40249999999992,0.30254545454545473,-0.3039670443409145
2022-01-31,686.0,6.548849999999999,101.55250000000002,0.06448733413751505,-0.3790528928174929
2022-02-01,35721.0,-17859.260055000006,30726.821999999996,-0.5812270483097799,-5.333405663239136
2022-02-02,3185.0,-886.0197150000002,2076.571,-0.42667441421458757,-0.1343897328777235
2022-02-03,539.0,-131.6042,400.8200000000003,-0.3283374083129582,0.09790850854406913
2022-02-04,245.0,86.87357000000002,276.99700000000007,0.31362639306562884,0.1638166635706672
2022-02-05,882.0,-136.12837,509.012,-0.26743646515209857,0.09702981880181136
2022-02-06,392.0,16.213119999999996,36.848000000000006,0.43999999999999984,0.14607391839130657
2022-02-07,98.0,15.1998,34.54499999999999,0.44000000000000017,0.17212886095615806
2022-02-08,98.0,-22.193324999999998,36.38249999999999,-0.6100000000000001,0.16460840882706906
2022-02-09,294.0,-31.356325000000005,144.1825,-0.21747663551401872,0.17037540607456864
2022-02-10,245.0,0.0,0.0,0.0,0.1806088388378431
2022-02-11,245.0,0.0,0.0,0.0,0.17854515720221667
2022-02-12,98.0,0.0,0.0,0.0,0.18124688929263597
2022-02-13,294.0,-6.864165,140.679,-0.04879310344827586,0.1795514511043607
2022-02-14,392.0,38.34103,247.22950000000006,0.15508274700227923,0.19319989735318338
2022-02-15,98.0,0.0,0.0,0.0,0.18127542081545342
2022-02-16,1764.0,0.0,0.0,0.0,0.18772170361711227
2022-02-17,196.0,20.18016,38.808000000000014,0.5199999999999998,0.19711909076527695
2022-02-20,49.0,0.0,71.34400000000002,0.0,0.19094869854840085
2022-02-21,294.0,5.04504,9.702000000000004,0.5199999999999998,0.19305493382184252
2022-02-22,98.0,-20.18016,38.808000000000014,-0.5199999999999998,0.1856219205040906
2022-02-25,49.0,38.32192000000001,73.69600000000001,0.5200000000000001,0.2034499941649508
2022-02-26,343.0,188.55200000000002,440.216,0.4283170080142476,0.24822517743302072
2022-02-27,196.0,0.0,0.0,0.0,0.1897343070921198
2022-02-28,490.0,59.27921999999999,186.12649999999996,0.31848887718836383,0.20756931672669987
2022-03-01,343.0,39.099060000000016,92.169,0.42421052631578965,0.20146365037508868
2022-03-02,686.0,77.3465,414.0499999999998,0.18680473372781076,0.21605781082379083
2022-03-03,1078.0,-181.51560000000006,342.65699999999987,-0.5297297297297301,0.13719977325764368
2022-03-04,49.0,0.0,0.0,0.0,0.1938646557446436
2022-03-06,245.0,0.0,0.0,0.0,0.19430067683869745
2022-03-07,490.0,53.31371500000001,277.487,0.19213049620342576,0.21042620898822026
2022-03-08,245.0,0.0,0.0,0.0,0.15004433204243334
2022-03-09,588.0,-12.248774999999998,74.0145,-0.1654915590863952,-0.23326146428692668
2022-03-10,490.0,53.80004000000002,107.84899999999998,0.4988459791004092,0.718710992408545
2022-03-11,147.0,5.85893,63.5285,0.09222522175086773,-0.013470428776000359
2022-03-12,49.0,0.0,0.0,0.0,-0.2075331856186757
2022-03-14,3675.0,177.28395999999995,542.9935000000002,0.326493705725759,2.605142004613682
2022-03-15,833.0,154.93579500000004,329.4025,0.4703540349572333,2.0106457081406894
2022-03-16,3038.0,-313.3677400000002,776.2579999999999,-0.40369019063249617,-3.6331764132211983
2022-03-17,147.0,-13.60705499999999,26.680499999999988,-0.5099999999999999,-0.2884188259525833
2022-03-18,343.0,-25.479999999999983,49.0,-0.5199999999999997,-0.4109351429825673
2022-03-19,98.0,30.66861,54.68399999999999,0.5608333333333334,0.20539252111325831
2022-03-20,147.0,0.0,4.704000000000002,0.0,-0.13738732351186095
2022-03-21,147.0,0.0,0.0,0.0,-0.14000805672274702
2022-03-22,392.0,254.8,490.0,0.52,2.3648654422862205
2022-03-23,49.0,0.0,0.0,0.0,-0.19855641265068938
2022-03-24,147.0,0.0,0.0,0.0,-0.19855641265068938
2022-03-26,245.0,3.3471900000000008,7.2764999999999995,0.46000000000000013,-0.15916745732986737
2022-03-27,98.0,50.959999999999965,98.0,0.5199999999999997,0.3022681544644492
2022-03-28,882.0,333.0432,704.8649999999997,0.47249217935349347,2.6392114909229734
2022-03-29,686.0,433.7627000000002,917.7455000000001,0.4726394190982142,2.8757022513117545
2022-03-30,392.0,0.0,0.0,0.0,-0.3388018102979945
2022-03-31,147.0,3.783780000000001,7.2764999999999995,0.5200000000000001,-0.2699784836344225
2022-04-01,196.0,-18.239759999999997,77.61600000000003,-0.23499999999999988,-0.43112578562316556
2022-04-02,98.0,0.0,74.48000000000002,0.0,-0.2783214186477488
2022-04-04,49.0,0.0,0.0,0.0,-0.26816412991751487
2022-04-06,1715.0,49.0,98.0,0.5,0.1080612276947389
2022-04-07,1568.0,48.02,98.0,0.49000000000000005,0.045088548143143815
2022-04-08,20727.0,696.5222600000002,1942.7275000000006,0.3585280282489438,3.6649041074132502
2022-04-09,1372.0,75.60014,191.8839999999999,0.393988764044944,0.043911650235994484
2022-04-10,343.0,36.84334500000002,118.84949999999999,0.3100000000000002,-0.17848199366995476
2022-04-11,637.0,35.65215500000002,81.38900000000004,0.4380463576158941,-0.19272206202614495
2022-04-12,539.0,112.91902999999999,234.78350000000006,0.48094959824689537,0.2342440966976371
2022-04-13,343.0,0.0,0.0,0.0,-0.41458136149907837
2022-04-14,343.0,0.0,0.0,0.0,-0.4132554050670312
2022-04-15,245.0,-1.4552999999999996,31.53149999999998,-0.04615384615384617,-0.42140756406396507
2022-04-16,294.0,-0.8731799999999997,33.956999999999994,-0.02571428571428571,-0.38497864439925455
2022-04-18,441.0,20.56726,102.80199999999996,0.20006673021925653,-0.23416016125618108
2022-04-19,147.0,-32.59871999999998,58.211999999999996,-0.5599999999999997,-0.653994252854516
2022-04-20,3528.0,548.2979949999999,2734.6654999999996,0.20049910857470502,2.5884412466168154
2022-04-21,7203.0,505.42985500000003,4390.032500000001,0.11513123308312635,2.0867553389283215
2022-04-22,882.0,59.379180000000005,291.011,0.204044451927934,-0.25014593262998386
2022-04-23,98.0,6.548849999999999,12.127499999999998,0.54,-0.5282065961814135
2022-04-25,1176.0,162.07191000000003,373.5269999999999,0.4338961038961041,0.25934692503790985
2022-04-26,392.0,-0.5228300000000004,4.753,-0.11000000000000007,-0.5537822893693792
2022-04-28,245.0,217.952,333.2000000000001,0.6541176470588234,0.5622568687468081
2022-04-29,98.0,-16.221744000000005,36.86760000000001,-0.44,-0.6709261130565837
2022-04-30,147.0,-101.07720000000002,224.61600000000013,-0.44999999999999984,-1.0836294313017127
2022-05-01,343.0,212.75800000000004,447.17400000000004,0.47578347578347585,0.5171107584610244
2022-05-02,343.0,-235.46141499999996,394.37649999999985,-0.5970472758899175,-1.6604767390553519
2022-05-03,98.0,0.0,0.0,0.0,-0.4213688505296126
2022-05-04,49.0,0.0,0.0,0.0,-0.4213688505296126
2022-05-06,147.0,107.17476000000005,224.763,0.47683453237410095,0.12876161525272564
2022-05-07,539.0,-188.16000000000014,392.0,-0.48000000000000037,-1.3708542427803025
2022-05-08,588.0,-183.2678400000001,381.80799999999994,-0.4800000000000003,-1.2799058082735852
2022-05-09,882.0,-164.64000000000001,343.0,-0.48000000000000004,-1.1350771154991957
2022-05-10,490.0,-37.468339999999976,73.108,-0.5125067024128683,-0.49213237180761016
2022-05-11,98.0,0.0,29.105999999999998,0.0,-0.29993602733840385
2022-05-12,147.0,0.0,0.0,0.0,-0.2279474496163522
2022-05-13,98.0,43.12000000000001,98.0,0.4400000000000001,0.03736787914010406
2022-05-14,147.0,0.0,0.0,0.0,-0.21409306606214776
2022-05-15,98.0,0.0,0.0,0.0,-0.20680769392473045
2022-05-17,1421.0,24.157980000000002,63.06299999999996,0.38307692307692337,-0.04434385037184885
2022-05-18,1470.0,25.56477,55.78650000000002,0.4582608695652172,-0.04102910452584873
2022-05-19,1666.0,227.38743999999986,1164.8525,0.19520706698916804,1.1057327534855677
2022-05-20,1470.0,-67.95271000000001,476.6964999999999,-0.14254921108084498,-0.6200069265343486
2022-05-21,245.0,0.0,0.0,0.0,-0.22156260156230734
2022-05-22,539.0,336.76818,655.8405,0.5134909783705032,1.6146537181541532
2022-05-23,833.0,159.27744000000007,479.7099999999999,0.3320286006128705,0.5839666011265466
2022-05-24,588.0,0.0,0.0,0.0,-0.2365594891801144
2022-05-25,245.0,56.25984000000001,129.36,0.43490909090909097,0.273714522457691
2022-05-27,196.0,0.0,0.0,0.0,-0.153334572215055
2022-05-28,98.0,0.0,0.0,0.0,-0.1515829001744576
2022-05-29,196.0,0.0,0.0,0.0,-0.11149117945614521
2022-05-31,147.0,0.0,0.0,0.0,-0.11163319994695378
2022-06-01,147.0,0.0,47.040000000000035,0.0,-0.05582647821175443
2022-06-02,294.0,0.0,56.448000000000015,0.0,-0.0604301470597074
2022-06-03,5194.0,62.38435000000002,391.30909999999983,0.15942473609737173,0.42578197349080044
2022-06-04,931.0,9.604979999999998,164.93400000000003,0.05823529411764704,0.0340940731954201
2022-06-05,2058.0,54.913320000000006,562.716,0.09758620689655173,0.38759430841500964
2022-06-06,686.0,10.090079999999999,174.63600000000002,0.05777777777777776,-0.056575430348168344
2022-06-07,1470.0,23.963940000000004,325.017,0.07373134328358211,0.07208768872489621
2022-06-08,196.0,64.85247999999999,147.39200000000002,0.43999999999999984,0.4931325982331175
2022-06-09,147.0,-23.029999999999998,82.957,-0.27761370348493797,-0.46741753643763095
2022-06-10,392.0,76.44000000000001,196.0,0.39000000000000007,0.5466783242911674
2022-06-12,49.0,0.0,0.0,0.0,-0.44470754081904995
2022-06-13,49.0,0.0,0.0,0.0,-0.4657902151686937
2022-06-14,98.0,0.0,0.0,0.0,-0.4657902151686937
2022-06-15,2401.0,27.747720000000008,189.18899999999996,0.14666666666666675,-0.12037898756283964
2022-06-16,686.0,95.27756000000001,267.932,0.3556035113386979,0.7242970751729926
2022-06-17,147.0,10.090079999999999,33.957,0.2971428571428571,-0.373014804792012
2022-06-18,147.0,-33.969249999999974,72.27500000000003,-0.4699999999999994,-0.9150242748769642
2022-06-20,98.0,0.0,0.0,0.0,-0.47129956735621
2022-06-21,392.0,36.57654,206.16749999999996,0.17741176470588238,-0.012418237909310903
2022-06-22,49.0,0.0,0.0,0.0,-0.4235034474007612
2022-06-23,196.0,0.0,0.0,0.0,-0.4695298747179473
2022-06-24,735.0,57.335634999999996,349.2965,0.16414603352739005,0.33823065831234655
2022-06-25,441.0,0.0,131.56500000000005,0.0,-0.5808009029612875
2022-06-26,392.0,305.76000000000005,588.0,0.5200000000000001,4.6446403733494135
2022-06-27,147.0,0.0,83.30000000000003,0.0,-0.46471302278556226
2022-06-28,1960.0,58.61968,160.86700000000002,0.364398416082851,0.51319382655678
2022-06-29,3332.0,-64.74222999999996,1081.675,-0.05985368063420155,-1.4597512215132311
2022-07-01,539.0,172.86906000000002,332.44049999999993,0.5200000000000001,2.1057165775856364
2022-07-02,196.0,-2.9635199999999933,134.06399999999996,-0.022105263157894694,-0.5113664996577948
2022-07-03,245.0,33.02208000000001,63.50399999999998,0.5200000000000004,0.0078783119111051
2022-07-05,196.0,-5.918219999999995,65.48850000000003,-0.09037037037037025,-0.5700560474322319
2022-07-06,294.0,50.959999999999965,98.0,0.5199999999999997,0.25378302280558956
2022-07-08,98.0,0.0,38.80800000000002,0.0,-0.4770887320760725
2022-07-09,98.0,0.0,0.0,0.0,-0.4713948142960067
2022-07-10,49.0,0.0,0.0,0.0,-0.44350374595418024
2022-07-11,196.0,-24.740099999999988,48.509999999999984,-0.5099999999999999,-0.787448346011324
2022-07-12,98.0,0.0,0.0,0.0,-0.4093046212483957
2022-07-13,2597.0,-1899.2399999999998,3332.0,-0.57,-5.285099698234992
2022-07-14,5978.0,-1492.4983500000005,3547.7225,-0.4206919650564554,-3.2066364337198685
2022-07-15,196.0,-15.207884999999994,26.680499999999988,-0.5700000000000001,0.17023382629896028
2022-07-16,147.0,-22.557884999999995,40.596500000000006,-0.5556608328304162,0.15520369605743548
2022-07-18,686.0,129.15812,462.8049999999997,0.2790767601905772,0.4904924913535856
2022-07-19,196.0,76.44000000000001,220.696,0.34635879218472476,0.3639974266980655
2022-07-20,343.0,-30.183999999999987,197.32299999999998,-0.1529674695803327,0.1259861881804133
2022-07-21,833.0,161.3148600000001,559.923,0.28810186400630106,0.5555418899785082
2022-07-22,343.0,28.34552000000001,160.573,0.17652731156545626,0.25213012498799797
2022-07-23,49.0,5.57865,12.127499999999996,0.46000000000000013,0.1973637563648532
2022-07-24,98.0,15.135120000000004,41.2335,0.3670588235294119,0.21785286100113638
2022-07-25,343.0,0.0,0.0,0.0,0.18640110493641768
2022-07-26,392.0,16.0083,50.9355,0.3142857142857143,0.22147304742428606
2022-07-27,294.0,12.357800000000008,23.764999999999993,0.5200000000000005,0.21221443645831564
2022-07-28,1421.0,0.0,0.0,0.0,0.1887173275917509
2022-07-29,147.0,0.0,0.0,0.0,0.1887173275917509
2022-07-30,98.0,0.0,0.0,0.0,0.21460563640714936
2022-07-31,98.0,0.0,0.0,0.0,0.21460563640714936
2022-08-01,196.0,38.525759999999984,74.08800000000001,0.5199999999999997,0.30494014533237174
2022-08-02,98.0,13.582799999999999,65.48850000000003,0.2074074074074073,0.24128891903419927
2022-08-03,49.0,0.0,0.0,0.0,0.22454290516099487
2022-08-04,49.0,0.0,0.0,0.0,0.22430313454972764
2022-08-05,2058.0,141.51592000000008,514.696,0.2749504950495051,0.5412847638247258
2022-08-06,1617.0,7.252245,116.42399999999999,0.062291666666666676,0.23083182543647202
2022-08-07,1225.0,-1.1399849999999996,109.29450000000001,-0.010430396772024205,0.2157346294619332
2022-08-08,1323.0,2.789324999999999,47.897499999999965,0.05823529411764708,0.22457198067654482
2022-08-09,1225.0,-32.92800000000001,254.1875,-0.12954216867469884,0.1447962644498284
2022-08-10,637.0,35.31528,67.91399999999999,0.5200000000000001,0.2993280707444363
2022-08-11,1862.0,-94.51977500000002,234.31799999999998,-0.40338247595148485,0.005333370444511595
2022-08-12,1176.0,8.38684,186.49399999999994,0.044971098265895966,0.24202930674906603
2022-08-13,343.0,0.0,0.0,0.0,0.12061201335973093
2022-08-14,294.0,0.0,0.0,0.0,-0.326665890499968
2022-08-15,2646.0,60.27441,587.8530000000001,0.10253313328332082,0.8126285562818073
2022-08-16,2401.0,-59.47326000000003,401.1875,-0.1482430534351146,-1.4805870692153376
2022-08-17,1029.0,-0.01176000000000088,107.21200000000003,-0.00010968921389397527,-0.28132297318992844
2022-08-18,686.0,0.0,0.0,0.0,-0.23483095454237096
2022-08-19,882.0,-108.19151,197.32299999999998,-0.548296498634219,-2.2944815571793473
2022-08-20,343.0,0.0,0.0,0.0,-0.07030783129013937
2022-08-21,4361.0,1371.1709199999991,3165.9144999999994,0.43310421680686556,5.308786751142963
2022-08-22,7644.0,2844.92138,6873.916,0.41387200250919565,4.823364460965358
2022-08-23,2058.0,420.38962000000026,1387.9494999999997,0.3028853859596479,0.4707035322600409
2022-08-24,1862.0,193.55490000000006,486.64349999999996,0.3977344811961941,0.05564245551594422
2022-08-25,2205.0,58.92103,265.825,0.22165345622119817,-0.1868986068060408
2022-08-26,882.0,126.70076999999996,311.1745000000001,0.4071695142114792,-0.07294212587256182
2022-08-27,98.0,0.0,0.0,0.0,-0.2990853415062543
2022-08-28,98.0,0.0,0.0,0.0,-0.2990853415062543
2022-08-29,2499.0,524.1304600000002,1334.8089999999995,0.3926632649315373,0.6023627102284016
2022-08-30,931.0,73.27459999999999,234.12200000000007,0.31297614064462104,-0.203111488634464
2022-08-31,1078.0,91.829675,418.99899999999974,0.21916442521342544,-0.17339218477048088
2022-09-01,1127.0,-4.65696,9.702000000000005,-0.4799999999999997,-0.3439039153045062
2022-09-02,686.0,56.69848800000002,122.24519999999997,0.46380952380952406,-0.23834157219050037
2022-09-03,294.0,5.57865,12.127499999999996,0.46000000000000013,-0.3297420505000832
2022-09-04,294.0,5.57865,12.127499999999996,0.46000000000000013,-0.3211420888028765
2022-09-05,294.0,135.24,392.0,0.34500000000000003,-0.0983405492572474
2022-09-06,1127.0,153.78659800000003,358.5966999999999,0.4288567016930164,-0.0746513809108953
2022-09-07,392.0,82.28080000000004,162.48400000000007,0.5063932448733415,-0.2072345334006127
2022-09-08,343.0,92.40273,200.8755000000001,0.4599999999999998,-0.19706348274578175
2022-09-09,196.0,7.227989999999998,14.552999999999999,0.4966666666666666,-0.3477184033446854
2022-09-10,49.0,0.0,0.0,0.0,-0.3672220328699113
2022-09-11,147.0,62.33535000000002,121.27500000000002,0.5140000000000001,-0.2588591963486648
2022-09-12,1813.0,-39.2931,133.868,-0.29352122986822843,-0.43861502057299934
2022-09-13,1323.0,262.92861000000005,806.1724999999994,0.3261443549612524,0.08813068604503768
2022-09-14,2842.0,-1123.3120150000004,2296.2380000000003,-0.4891966838803296,-2.1437001156266375
2022-09-15,4067.0,-1044.42716,2769.4799999999996,-0.37712031139419677,-1.8453086174092348
2022-09-16,1813.0,-459.69741999999974,972.0374999999995,-0.47292148708254567,-0.8996704257215984
2022-09-17,196.0,5.57865,12.127499999999996,0.46000000000000013,-0.18565184151597372
2022-09-18,98.0,-25.479999999999983,49.0,-0.5199999999999997,-0.2378713425876287
2022-09-19,441.0,94.53031,199.9445,0.4727827472123514,-0.05826241341359534
2022-09-20,10241.0,3977.7146500000013,9831.261999999999,0.4045985805281155,4.0603640206323455
2022-09-21,2793.0,634.786915,2092.7655000000004,0.3033244360154064,0.6176007641737552
2022-09-22,539.0,133.2898,399.105,0.3339717618170657,-0.0034922867367347286
2022-09-23,4508.0,309.27379000000013,888.8599999999994,0.34794432194046343,0.21412976542006343
2022-09-24,343.0,7.952944999999997,75.68049999999998,0.10508578828099707,-0.1646347022943775
2022-09-25,441.0,63.89404000000001,166.84500000000003,0.38295447870778265,-0.09126980655422187
2022-09-26,539.0,122.13102999999994,274.71849999999995,0.4445679122447158,-0.02282850478748284
2022-09-27,490.0,257.05449000000004,487.5255,0.5272636815920398,0.13696381605267094
2022-09-28,2499.0,96.65103000000005,739.6550000000005,0.1306704206690957,-0.048058093146049315
2022-09-29,2009.0,131.60836499999996,914.9280000000007,0.14384559768637517,-0.0061468377512659085
2022-09-30,7203.0,259.6113100000001,1563.1489999999997,0.16608225447478148,0.14922755209844363
2022-10-01,30429.0,1206.6931100000004,5862.482499999997,0.20583312786008331,1.2644919141501605
2022-10-02,4018.0,248.51673,1139.9849999999994,0.2180000000000001,0.0737276513124813
2022-10-03,7742.0,1101.29313,3095.7220000000016,0.3557467789420366,1.061453645291948
2022-10-04,3136.0,369.1753099999999,891.9224999999994,0.4139096277983795,0.1597356454539126
2022-10-05,735.0,85.21785999999999,163.88049999999998,0.52,-0.18254603566973512
2022-10-06,833.0,0.0,0.0,0.0,-0.27931571963788165
2022-10-07,490.0,-16.34787,123.70050000000009,-0.13215686274509794,-0.2948520555105818
2022-10-08,588.0,136.74968999999996,274.0815000000002,0.4989380530973447,-0.11145430242456998
2022-10-09,98.0,0.0,0.0,0.0,-0.27661767218261435
2022-10-11,1176.0,0.0,14.552999999999999,0.0,-0.27661767218261435
2022-10-12,392.0,-18.555075,60.637499999999996,-0.306,-0.29556681121484135
2022-10-13,196.0,19.547080000000012,47.922000000000025,0.40789366053169734,-0.2520438693972639
2022-10-14,294.0,5.57865,12.127499999999996,0.46000000000000013,-0.258275359982563
2022-10-16,294.0,0.0,0.0,0.0,-0.3247938087371014
2022-10-17,441.0,27.94959999999999,60.75999999999998,0.46,-0.3507319820583884
2022-10-18,49.0,0.0,0.0,0.0,-0.41405739051299517
2022-10-19,735.0,66.76225500000001,230.52049999999983,0.2896152619832078,-0.3273247005758377
2022-10-20,4263.0,-1.140474999999986,654.4685,-0.0017425972373001696,-0.42004887840394084
2022-10-21,1421.0,43.08276000000001,513.4709999999999,0.08390495276266823,-0.3578948593152348
2022-10-22,147.0,0.2653350000000002,64.4595,0.004116305587229193,-0.5910188498995692
2022-10-24,196.0,5.578650000000001,12.127499999999996,0.4600000000000003,-0.5221920194195472
2022-10-25,343.0,18.063850000000002,108.90249999999992,0.1658717660292465,-0.46360656401067935
2022-10-26,3626.0,-1101.8924000000002,2697.156000000001,-0.40853862364653726,-3.3175483627636693
2022-10-27,3822.0,-1145.6138749999998,2789.4229999999993,-0.41069922883693155,-2.83599544836141
2022-10-28,343.0,-60.56497999999999,151.82650000000004,-0.3989091495885104,-0.2862632855548486
2022-10-29,441.0,-8.828820000000002,128.5515,-0.06867924528301889,-0.15512885521368297
2022-10-30,49.0,0.0,0.0,0.0,-0.114875391596903
2022-10-31,490.0,0.0,0.0,0.0,-0.10732119050043747
2022-11-01,490.0,129.53052,279.25100000000003,0.46384979821021227,0.19664730623747884
2022-11-02,2058.0,98.50568000000001,232.456,0.4237605396290051,0.1370270521160768
2022-11-03,588.0,49.80801000000001,280.40249999999986,0.17763040629095686,0.1315208863186475
2022-11-04,245.0,17.075520000000008,116.424,0.14666666666666672,0.06354316783339986
2022-11-05,196.0,18.918900000000004,36.38249999999999,0.5200000000000002,0.20403438868754492
2022-11-06,294.0,10.04157,21.829499999999996,0.4600000000000001,0.22156793315484738
2022-11-07,294.0,42.67753,83.47150000000002,0.5112826533607278,0.34005523906256524
2022-11-08,931.0,207.59634000000003,562.0545000000004,0.36935268732836385,0.8764421927650208
2022-11-09,5194.0,-1843.5363100000009,3043.4634999999994,-0.60573629682104,-3.9883787774977395
2022-11-10,147.0,5.578650000000001,12.127499999999996,0.4600000000000003,0.27569871617024777
2022-11-12,294.0,37.0734,71.29499999999996,0.5200000000000002,0.3452889088727377
2022-11-13,49.0,-2.0374199999999987,4.851000000000002,-0.4199999999999996,0.2551990651042825
2022-11-14,98.0,0.0,0.0,0.0,0.2583859820070169
2022-11-15,588.0,37.83780000000001,237.69899999999998,0.1591836734693878,0.34411567198694765
2022-11-16,343.0,1.8676350000000004,19.404000000000007,0.09624999999999999,0.2614742097032989
2022-11-17,98.0,26.93628000000001,52.91999999999997,0.5090000000000005,0.317027300304457
2022-11-18,294.0,4.4629199999999996,9.702000000000004,0.4599999999999998,0.2671767996445173
2022-11-19,147.0,0.0,24.254999999999992,0.0,0.25688527925435034
2022-11-21,1078.0,311.21517,622.8390000000004,0.4996719376917627,0.9437190060342532
2022-11-22,588.0,55.42292000000001,331.14200000000005,0.16736904409588638,0.35654720978449683
2022-11-23,637.0,4.80249,147.95549999999994,0.03245901639344263,0.24453732699791023
2022-11-24,5194.0,2505.8291300000005,5202.281,0.48167892699375536,3.9312305818138946
2022-11-25,3479.0,1028.7878300000002,2252.7995,0.4566708355537189,1.5147522750999047
2022-11-26,294.0,71.20827,220.05899999999997,0.32358717434869744,0.08134835464557365
2022-11-27,539.0,56.2716,240.12449999999987,0.23434343434343446,0.001429129962406095
2022-11-28,2401.0,267.81783,641.0670000000002,0.4177688603531299,0.27707299197717544
2022-11-29,490.0,0.0,29.105999999999998,0.0,-0.17524274582921792
2022-11-30,490.0,19.627440000000004,52.846500000000006,0.3714047287899861,-0.14395578407649276
2022-12-01,147.0,4.4629199999999996,9.702000000000004,0.4599999999999998,-0.16965088951831167
2022-12-02,147.0,4.4629199999999996,9.702000000000004,0.4599999999999998,-0.1699078070986482
2022-12-03,196.0,0.0,0.0,0.0,-0.17007125483541993
2022-12-04,245.0,28.8316,137.39600000000004,0.20984308131241078,-0.11780280561739587
2022-12-05,49.0,4.4629199999999996,9.702000000000004,0.4599999999999998,-0.15607420841876815
2022-12-06,98.0,0.0,0.0,0.0,-0.16257676634100163
2022-12-07,686.0,45.547459999999994,114.09649999999999,0.39920120249087393,-0.08775489935012021
2022-12-08,686.0,68.37484500000002,194.03999999999994,0.3523750000000002,-0.052773032643062975
2022-12-09,392.0,-5.045039999999999,67.91400000000002,-0.07428571428571426,-0.17313325371729135
2022-12-10,49.0,0.0,0.0,0.0,-0.1531079035321537
2022-12-12,196.0,4.4629199999999996,9.702000000000004,0.4599999999999998,-0.31124172527709393
2022-12-13,245.0,23.57586,116.42399999999999,0.2025,-0.2725343782305183
2022-12-14,343.0,4.131876000000003,92.28169999999997,0.04477459778049173,-0.31080653621227217
2022-12-15,196.0,8.925839999999999,24.01,0.37175510204081624,-0.30159823055305324
2022-12-16,686.0,-46.49708000000001,175.6160000000001,-0.2647656249999999,-0.41402902337603675
2022-12-17,98.0,13.53429,21.829499999999996,0.6200000000000001,-0.2865221512165395
2022-12-19,49.0,0.0,0.0,0.0,-0.3147022526206395
2022-12-20,98.0,0.0,0.0,0.0,-0.31265562534699987
2022-12-21,539.0,13.873860000000002,26.680499999999988,0.5200000000000004,-0.28434946479159945
2022-12-22,2793.0,-160.37847000000005,524.7165,-0.30564784983891313,-0.6343197002200328
2022-12-23,1617.0,100.51835499999999,433.91950000000026,0.23165208062785822,-0.07696785812055455
2022-12-24,147.0,8.925839999999999,36.38249999999999,0.24533333333333335,-0.2645187340523012
2022-12-25,49.0,0.0,0.0,0.0,-0.2827560958827438
2022-12-26,147.0,0.0,0.0,0.0,-0.2721156354505247
2022-12-27,1225.0,-45.788049999999984,305.83349999999996,-0.1497156132339982,-0.9781161440012147
2022-12-28,1323.0,-20.155905000000008,104.29650000000004,-0.19325581395348837,-0.5311882034309061
2022-12-29,1078.0,-42.52073,89.32699999999997,-0.4760120680197478,-0.8304082034152079
2022-12-30,294.0,4.4629199999999996,16.9785,0.26285714285714284,0.07734487930632898
2022-12-31,49.0,0.0,98.0,0.0,-0.030422958396509676
2023-01-01,196.0,0.0,0.0,0.0,-0.01467438267896539
2023-01-02,392.0,0.0,0.0,0.0,-0.011071532782166578
2023-01-03,1176.0,9.604980000000001,60.51499999999998,0.15872064777327943,0.21739235409998345
2023-01-04,245.0,0.0,0.0,0.0,-0.015215215289928263
2023-01-05,98.0,0.0,0.0,0.0,0.008124593640721076
2023-01-06,392.0,0.0,26.68049999999998,0.0,0.011759348689861877
2023-01-07,980.0,0.0,0.0,0.0,0.011759348689861877
2023-01-08,294.0,0.0,0.0,0.0,0.049933104131396226
2023-01-09,2156.0,212.5223099999998,693.6930000000003,0.30636363636363595,3.8613568679327814
2023-01-10,1911.0,-321.9299999999998,719.9569999999998,-0.44715170489348655,-3.942199971408362
2023-01-11,882.0,37.91424,154.74199999999996,0.2450158328055732,0.554358745167228
2023-01-12,392.0,-0.1401399999999987,57.893499999999996,-0.002420651713922957,0.08124801311180915
2023-01-13,245.0,40.360320000000016,77.61600000000006,0.5199999999999998,0.578016632252015
2023-01-14,392.0,156.54912000000004,301.05600000000015,0.5199999999999999,1.8428237937693648
2023-01-15,147.0,7.567560000000003,14.553000000000004,0.52,0.1008290484405669
2023-01-16,147.0,0.0,0.0,0.0,-0.005846025703463978
2023-01-17,4606.0,-331.7356349999999,945.9449999999995,-0.35069230769230775,-3.0891862230941483
2023-01-18,7105.0,-775.9747800000001,2160.6794999999984,-0.35913460557199745,-4.295085662522329
2023-01-19,1715.0,-192.12900000000002,416.01000000000016,-0.46183745583038854,-0.8547026612454592
2023-01-20,882.0,-67.13294000000003,206.58400000000003,-0.32496679316888055,-0.12164693818534306
2023-01-21,147.0,-11.351339999999997,217.82950000000008,-0.05211112360814303,0.1718037098160268
2023-01-22,98.0,-3.7837800000000015,7.276500000000002,-0.52,0.23831669628784005
2023-01-23,196.0,22.702679999999994,43.65899999999998,0.5200000000000001,0.39032122138971576
2023-01-24,147.0,25.970000000000006,49.0,0.5300000000000001,0.40369226045994144
2023-01-25,882.0,73.71535500000003,153.54149999999993,0.48010052656773616,0.6637662489472212
2023-01-26,686.0,41.551999999999985,388.7660000000002,0.1068817746407864,0.45863549978519375
2023-01-27,2989.0,-74.13406,226.4780000000002,-0.32733448723496295,-0.19952008565141743
2023-01-28,2450.0,-22.726199999999977,451.4370000000002,-0.050341908173233404,0.09363716808447531
2023-01-29,784.0,1.6735949999999997,7.276500000000003,0.22999999999999987,0.23514165913092192
2023-01-30,1127.0,54.30719000000003,112.55299999999991,0.482503265128429,0.5266701351654635
2023-01-31,15435.0,-981.3364750000002,4123.717499999997,-0.23797373971422653,-3.7586762991839575
2023-02-01,1519.0,-112.99130499999995,405.08299999999986,-0.27893371235030845,-0.16220848172704158
2023-02-02,245.0,-42.82207999999997,109.63749999999992,-0.3905787709497207,0.13490412879073288
2023-02-03,196.0,0.7276499999999999,12.1275,0.06,0.3148825966506399
2023-02-04,49.0,0.0,0.0,0.0,0.31187368249095254
2023-02-05,98.0,0.0,0.0,0.0,0.31187368249095254
2023-02-06,294.0,-4.948019999999997,9.702000000000007,-0.5099999999999993,0.29215526511381634
2023-02-07,49.0,0.0,0.0,0.0,0.31262009676142966
2023-02-09,637.0,-18.592560000000002,36.455999999999996,-0.5100000000000001,0.27403088644480283
2023-02-10,784.0,18.53082000000001,135.82800000000006,0.13642857142857143,0.38911633454033084
2023-02-11,441.0,25.952850000000005,77.61600000000006,0.3343749999999998,0.42307800083914393
2023-02-12,931.0,13.87386,26.68049999999998,0.5200000000000004,0.3688240294351944
2023-02-13,1666.0,113.64178000000005,229.73650000000012,0.4946614055668124,0.7822499124820169
2023-02-14,294.0,3.201659999999998,7.276500000000003,0.43999999999999956,0.3370001626332117
2023-02-15,245.0,17.609130000000004,31.53149999999998,0.5584615384615389,0.3977851533114734
2023-02-16,91042.0,-54971.068949999986,111564.00850000003,-0.49273121044229934,-5.383693281493964
2023-02-17,16170.0,-5108.162044999998,16412.770499999995,-0.3112309433072253,-0.30829537735267
2023-02-18,1519.0,-574.8537900000002,1110.0215,-0.5178762663606067,0.15038862768180086
2023-02-19,4557.0,-5141.080000000003,8428.0,-0.6100000000000003,-0.29530318817871615
2023-02-20,1372.0,-348.2633350000001,676.4449999999999,-0.5148435349511049,0.1908796140419449
2023-02-21,735.0,11.133780000000007,337.659,0.03297344362211582,0.22719017812693432
2023-02-22,784.0,-120.01643499999994,543.8020000000005,-0.22069877455397338,0.21432172835403104
2023-02-23,294.0,32.92800000000002,124.94999999999992,0.2635294117647062,0.22977268438136175
2023-02-24,245.0,-59.77999999999997,98.0,-0.6099999999999998,0.22068886400489976
2023-02-25,196.0,2.52252,4.8510000000000035,0.5199999999999997,0.2272509488222562
2023-02-26,49.0,9.944550000000005,24.254999999999995,0.41000000000000025,0.22811488320492032
2023-02-27,5194.0,-1699.139680000001,3363.7519999999995,-0.5051322689663212,0.060560054975650056
2023-02-28,6958.0,-1677.50128,4808.835500000001,-0.34883731830710357,0.06840085007679068
2023-03-01,1274.0,-94.2755100000001,606.3505000000004,-0.15548022142308787,0.22934104736809224
2023-03-02,2891.0,27.988554999999984,966.6965000000006,0.028952784043388972,0.2418383712111248
2023-03-03,882.0,70.187355,258.86699999999985,0.27113287904599676,0.24239894190581246
2023-03-04,833.0,128.62794000000002,407.5574999999999,0.31560685302073954,0.2474594485744076
2023-03-05,294.0,-32.55021000000001,53.36099999999996,-0.6100000000000005,0.2310860387995033
2023-03-06,637.0,1.746359999999999,38.80800000000003,0.04499999999999994,0.23455864578305197
2023-03-07,539.0,-27.65069999999998,160.08299999999994,-0.17272727272727267,0.2316774798329301
2023-03-08,441.0,50.380574999999986,251.17400000000015,0.2005803745610611,0.23940687856498996
2023-03-09,1176.0,202.8835199999999,766.6295000000002,0.2646435077178739,0.25411830315944106
2023-03-10,441.0,-5.409599999999999,11.270000000000012,-0.4799999999999994,0.23302938194062306
2023-03-11,98.0,0.0,0.0,0.0,0.2335113704773953
2023-03-12,196.0,0.0,0.0,0.0,0.2335773946078529
2023-03-13,294.0,0.0,0.0,0.0,0.2336698755443564
2023-03-14,441.0,104.78601,226.94349999999991,0.4617273021699235,0.24396398449714465
2023-03-15,441.0,32.267235000000014,202.05150000000012,0.15969807202619132,0.2369059241253856
2023-03-16,49.0,10.041569999999995,21.829499999999985,0.4600000000000001,0.2346291853602113
2023-03-18,98.0,53.90000000000004,98.0,0.5500000000000004,0.23894426497367757
2023-03-19,147.0,50.95999999999997,98.0,0.5199999999999997,0.3950304444441872
2023-03-20,686.0,20.180160000000004,136.80800000000005,0.14750716332378222,0.3190991496137945
2023-03-21,3675.0,1188.0049999999994,1984.5,0.5986419753086417,1.3818772022302919
2023-03-22,49.0,20.77992,36.455999999999996,0.5700000000000001,0.18147340191779104
2023-03-23,294.0,67.375,269.5,0.25,0.24940551963739932
2023-03-24,98.0,0.0,0.0,0.0,0.11209940368487942
2023-03-26,147.0,0.0,0.0,0.0,0.10391275439148481
2023-03-27,147.0,0.0,0.0,0.0,0.10619580981310577
2023-03-28,196.0,0.0,0.0,0.0,0.10209203282892947
2023-03-29,1225.0,178.67203199999992,391.9607999999998,0.45584158415841586,0.45481132461940854
2023-03-30,833.0,1.673595,38.80800000000003,0.04312499999999997,0.09373872594259221
2023-03-31,882.0,-88.35581999999995,269.304,-0.32808951965065486,-0.2566001249064317
2023-04-01,147.0,49.588000000000015,112.69999999999992,0.44000000000000045,-0.08035523054270675
2023-04-02,1127.0,-16.439499999999992,26.95000000000002,-0.6099999999999992,-0.39866919004736967
2023-04-03,735.0,-2.988999999999998,4.9,-0.6099999999999995,-0.331188410210353
2023-04-04,49.0,0.0,0.0,0.0,-0.3060494819433214
2023-04-05,245.0,50.95999999999997,294.0,0.17333333333333323,-0.05887564471656899
2023-04-06,294.0,0.39885999999999905,48.19149999999998,0.008276563294356873,-0.2982960531112848
2023-04-07,49.0,-22.417499999999986,36.75,-0.6099999999999997,-0.3997441535958819
2023-04-08,49.0,0.0,0.0,0.0,-0.3007593353550077
2023-04-09,98.0,0.0,0.0,0.0,-0.2925680091770846
2023-04-10,49.0,0.0,0.0,0.0,-0.2628635702195251
2023-04-11,98.0,48.033229999999996,89.10650000000001,0.5390541655210337,-0.04761547644631913
2023-04-12,147.0,8.472100000000001,16.292499999999986,0.5200000000000005,-0.2334339261326931
2023-04-14,245.0,0.0,0.0,0.0,-0.2729419270719629
2023-04-15,343.0,0.0,0.0,0.0,-0.2729419270719629
2023-04-17,343.0,17.075520000000004,38.808000000000035,0.4399999999999997,-0.17972365515366148
2023-04-18,441.0,-2.8755650000000026,26.1415,-0.1100000000000001,-0.2670461645974674
2023-04-19,1862.0,362.94740999999993,1201.1369999999997,0.302169869049076,1.3402341765427022
2023-04-20,5880.0,942.6637149999999,3122.8190000000027,0.30186306507037364,3.118344892267363
2023-04-21,2548.0,191.09485499999985,1128.7394999999995,0.1692993423194634,0.33313736344528466
2023-04-22,784.0,-6.459180000000001,244.82849999999993,-0.026382467727409195,-0.38956966932287923
2023-04-23,343.0,-21.03863999999998,92.83049999999994,-0.22663499604117174,-0.4389538823241163
2023-04-24,1127.0,-9.774764999999999,194.04000000000002,-0.05037499999999999,-0.37124898271877965
2023-04-25,1078.0,96.54004499999994,309.01850000000013,0.31240862602077185,0.20321723363954522
2023-04-26,441.0,0.0,21.82949999999998,0.0,-0.32301775294165624
2023-04-27,2058.0,-124.28261999999992,422.037,-0.2944827586206895,-0.963839254574953
2023-04-28,392.0,109.34153999999995,215.86949999999993,0.5065168539325842,0.27181445629108925
2023-04-29,490.0,-110.73607999999994,185.4649999999999,-0.5970726552179657,-0.8805449230754595
2023-04-30,343.0,0.0,0.0,0.0,-0.2624769649389422
2023-05-01,147.0,0.0,0.0,0.0,-0.2621586755887929
2023-05-02,294.0,25.970000000000006,49.0,0.5300000000000001,-0.14504671802156616
2023-05-03,343.0,0.0,0.0,0.0,-0.2758095900969189
2023-05-04,1813.0,15.287999999999995,29.400000000000016,0.5199999999999996,-0.19949622939938194
2023-05-05,147.0,0.0,0.0,0.0,-0.28253920593136844
2023-05-06,294.0,-7.374989999999998,88.2735,-0.08354704412989174,-0.32087056484493165
2023-05-07,98.0,-23.708160000000017,42.336,-0.5600000000000004,-0.394464059162497
2023-05-08,1372.0,573.4176000000003,1946.9905000000008,0.29451484226553754,2.426087572872594
2023-05-09,882.0,368.11838000000023,908.4109999999996,0.4052332919790716,1.33787267404625
2023-05-10,147.0,21.34440000000002,136.80800000000005,0.15601719197707747,-0.285887867442425
2023-05-11,882.0,0.0,123.70050000000009,0.0,-0.3857191782445146
2023-05-12,3283.0,-473.8809600000002,1132.7820000000004,-0.4183337658967039,-2.2934122914547994
2023-05-13,294.0,-8.295210000000004,14.553000000000006,-0.5700000000000001,-0.30962069276630755
2023-05-14,49.0,0.0,0.0,0.0,-0.27320100407531084
2023-05-15,294.0,44.24406000000002,86.73000000000002,0.5101355932203391,-0.09218469246314051
2023-05-16,1764.0,462.47474000000034,891.6774999999997,0.5186569583734035,1.549402618361677
2023-05-17,2352.0,278.08357499999994,868.3290000000001,0.3202513966480446,0.7576030893596654
2023-05-18,1029.0,115.50280000000006,304.1920000000001,0.3797036082474227,0.08666117729424183
2023-05-19,833.0,5.433119999999998,77.61600000000007,0.06999999999999991,-0.31578319996552795
2023-05-20,294.0,0.0,0.0,0.0,-0.2768648609091703
2023-05-21,294.0,13.679820000000007,29.106000000000012,0.47000000000000003,-0.17154847186149427
2023-05-22,441.0,50.95999999999997,98.0,0.5199999999999997,0.02346161842806423
2023-05-23,441.0,25.2252,48.510000000000005,0.52,-0.12739733426782887
2023-05-24,392.0,0.0,0.0,0.0,-0.2689009520626038
2023-05-25,980.0,125.6146849999999,258.9649999999999,0.48506433301797514,0.4202920164407104
2023-05-26,637.0,4.462919999999998,19.404000000000018,0.22999999999999968,-0.24997891543644188
2023-05-27,245.0,17.716440000000013,77.02800000000005,0.23,-0.20605464116494868
2023-05-28,392.0,55.56820500000001,211.0185,0.2633333333333334,0.01647884636674691
2023-05-29,49.0,0.0,0.0,0.0,-0.3208019318622442
2023-05-30,1470.0,142.64365500000005,308.03849999999983,0.4630708661417327,0.46360603395524247
2023-05-31,833.0,-24.066350000000003,51.20500000000004,-0.4699999999999997,-0.47854318756765624
2023-06-01,686.0,88.84190000000002,175.24850000000004,0.5069481336502167,0.15019142390454182
2023-06-02,245.0,0.0,0.0,0.0,-0.35398655188437
2023-06-03,294.0,16.558080000000015,37.63200000000002,0.44000000000000017,-0.2602761619774858
2023-06-04,294.0,4.705469999999996,104.29650000000007,0.045116279069767375,-0.3285340284669713
2023-06-05,637.0,0.0,0.0,0.0,-0.3568307415161809
2023-06-06,686.0,0.0,122.25500000000004,0.0,-0.3620131248810921
2023-06-07,392.0,15.450434999999999,31.531499999999983,0.4900000000000002,-0.1995622658306061
2023-06-08,1617.0,8.076915000000001,97.02000000000001,0.08325,-0.18399054078201077
2023-06-09,392.0,0.0,0.0,0.0,-0.23813692823049798
2023-06-10,196.0,29.675624999999997,77.68950000000002,0.3819772942289497,-0.026667219554487823
2023-06-12,490.0,57.023995000000006,87.51400000000004,0.6515985442329225,0.06197068694708519
2023-06-13,539.0,25.97000000000001,49.0,0.5300000000000002,-0.26986400620523765
2023-06-14,8183.0,0.0,0.0,0.0,-0.5377866683909522
2023-06-15,2156.0,152.93218499999998,468.5625,0.32638588235294114,0.9857528424375871
2023-06-16,10584.0,203.72092999999984,772.1665000000006,0.26383031379890176,2.2461576358464095
2023-06-17,441.0,47.92493999999998,167.87399999999994,0.28548161120840626,0.15405345613302449
2023-06-19,343.0,0.0,0.0,0.0,-0.6648461388581971
2023-06-20,5194.0,72.498195,288.6345,0.2511764705882353,0.6460672140577622
2023-06-21,1568.0,32.76850500000001,390.5054999999998,0.08391304347826094,-0.11585896553059516
2023-06-22,1372.0,-131.36679499999994,341.4809999999998,-0.3846972305926245,-2.7013291251988174
2023-06-23,245.0,0.0,0.0,0.0,-0.5270763006312047
2023-06-24,147.0,19.051199999999994,35.27999999999998,0.5400000000000001,-0.21367166094481757
2023-06-25,98.0,40.360320000000016,77.61600000000007,0.5199999999999997,0.11143750905460792
2023-06-26,98.0,0.0,0.0,0.0,-0.497132802015655
2023-06-27,4704.0,31.313204999999986,118.84949999999999,0.2634693877551019,0.018138929353596504
2023-06-28,392.0,-7.979895000000004,16.978500000000004,-0.47000000000000014,-0.6310099593142251
2023-06-29,833.0,185.2013799999999,379.0639999999998,0.4885754912099276,2.3170093385903288
2023-06-30,98.0,0.0,0.0,0.0,-0.515585458189796
2023-07-01,98.0,0.0,0.0,0.0,-0.46398040131796997
2023-07-03,3773.0,25.46774999999998,36.38249999999999,0.6999999999999996,-0.083377342073952
2023-07-04,539.0,2.596999999999998,291.5499999999998,0.008907563025210084,-0.4130231588598669
2023-07-05,490.0,74.48000000000003,196.0,0.38000000000000017,0.7233944092498599
2023-07-06,11368.0,199.34253500000008,455.4550000000001,0.4376777837547069,2.389696864299304
2023-07-07,1127.0,92.06560999999995,189.94849999999985,0.4846872178511545,0.769502016213343
2023-07-08,245.0,0.0,0.0,0.0,-0.5710731470047099
2023-07-09,49.0,0.0,0.0,0.0,-0.5710731470047099
2023-07-10,882.0,103.46521500000009,334.74350000000015,0.30908804801288164,0.882527242436332
2023-07-11,7203.0,-7.4220299999999995,60.63749999999996,-0.12240000000000008,-0.7030238919434604
2023-07-12,343.0,-41.85873999999998,100.42549999999997,-0.416813857038302,-1.1562013396612012
2023-07-13,1813.0,261.78446000000025,665.5670000000001,0.3933254803798869,2.628863012766841
2023-07-14,539.0,66.68605999999998,143.7170000000001,0.46400954653937904,0.22591463254681837
2023-07-15,539.0,67.24514999999997,164.86050000000003,0.4078912171199284,0.21598580517033333
2023-07-16,98.0,25.78576000000002,49.588000000000015,0.5200000000000002,-0.30573918902646013
2023-07-17,392.0,18.549440000000008,160.622,0.11548505186089082,-0.348842278532215
2023-07-18,637.0,97.11775499999995,244.24049999999988,0.3976316581402347,0.7389100404653214
2023-07-19,11074.0,341.90524200000016,1632.126300000001,0.2094845490817714,3.168478104096712
2023-07-20,9653.0,-466.5936799999998,4784.360000000001,-0.09752478492421134,-3.860889664321826
2023-07-21,2548.0,-119.75281499999988,942.4169999999991,-0.1270698798939323,-1.1272474695203796
2023-07-22,588.0,-13.088880000000005,219.98549999999997,-0.05949883060474443,-0.31415348862652076
2023-07-23,343.0,0.0,77.46900000000007,0.0,-0.25499238108355066
2023-07-24,9212.0,92.93854499999996,773.5385000000003,0.12014727773730709,0.4342898781490804
2023-07-25,392.0,3.128894999999996,152.8065,0.02047619047619045,-0.24994691246391082
2023-07-26,343.0,-72.81792000000004,145.82399999999998,-0.4993548387096778,-0.7940613190055539
2023-07-27,980.0,-67.08932999999995,147.95549999999986,-0.4534426229508198,-0.727720871749209
2023-07-28,6909.0,-1594.9029600000015,2953.523999999999,-0.5400000000000007,-4.899215778880353
2023-07-29,98.0,4.753980000000001,48.51000000000001,0.098,0.08979874236781336
2023-07-30,490.0,0.0,24.255000000000006,0.0,0.09491136583862254
2023-07-31,147.0,0.0,21.829499999999985,0.0,0.09491136583862254
2023-08-01,98.0,0.0,0.0,0.0,0.09491136583862254
2023-08-02,392.0,-0.26680500000000007,38.808000000000035,-0.006874999999999996,0.09680379482779303
2023-08-03,2107.0,48.121920000000046,152.8065,0.3149206349206352,0.24392469061804514
2023-08-04,343.0,-41.55984,72.91199999999999,-0.5700000000000001,-0.02562491194493661
2023-08-05,49.0,0.0,0.0,0.0,0.12718821439625744
2023-08-06,49.0,0.0,0.0,0.0,0.13730430851884132
2023-08-08,196.0,0.0,0.0,0.0,0.13730430851884132
2023-08-09,1568.0,0.0,186.76349999999988,0.0,0.13730430851884132
2023-08-10,49.0,0.0,4.851000000000004,0.0,0.1487871107653126
2023-08-11,539.0,37.25494499999999,97.09349999999992,0.38370174110522354,0.26279368846293194
2023-08-12,245.0,0.0,29.106000000000016,0.0,0.1393977217142978
2023-08-14,294.0,36.927135000000014,72.98550000000002,0.50595166163142,0.2854394930177673
2023-08-15,490.0,154.96544000000006,370.3910000000003,0.41838338404550846,0.6550377828007617
2023-08-16,833.0,118.82573500000007,285.89049999999986,0.4156337303967782,0.5316696418352367
2023-08-17,98.0,11.848199999999993,22.784999999999997,0.5199999999999998,0.18925022429352253
2023-08-18,441.0,60.14063999999996,180.9570000000001,0.3323476848090979,0.33970132402301423
2023-08-20,49.0,0.0,0.0,0.0,0.15740686702117107
2023-08-21,686.0,0.0,72.76499999999999,0.0,0.19953529657891117
2023-08-22,882.0,124.92942000000009,273.6160000000001,0.4565866762177652,0.5629041663648185
2023-08-23,588.0,3.821999999999998,7.350000000000005,0.5199999999999994,0.13698029102886217
2023-08-24,196.0,0.0,0.0,0.0,0.12246067608236502
2023-08-25,196.0,3.057599999999997,4.704000000000002,0.649999999999999,0.13251861147333613
2023-08-26,196.0,-20.180160000000008,38.808000000000035,-0.5199999999999997,0.06645353929623067
2023-08-27,490.0,4.802490000000001,41.23349999999998,0.1164705882352942,0.15159532937759862
2023-08-28,2303.0,422.50098100000025,881.0837000000002,0.4795242279479238,1.4648831023097777
2023-08-29,1323.0,87.52919000000001,279.1530000000001,0.31355274705985603,0.3460715638905594
2023-08-30,1813.0,0.0,0.0,0.0,-0.41767989467891736
2023-08-31,245.0,-16.275105000000007,26.680499999999984,-0.6100000000000007,-0.5998281564142014
2023-09-01,3185.0,-832.2640199999995,3185.3919999999985,-0.26127522766428746,-4.734004457404932
2023-09-02,833.0,-48.426455000000026,327.19750000000016,-0.14800374391613627,-0.30204371158537624
2023-09-03,294.0,-96.95531999999993,247.30299999999988,-0.39205072320190204,-0.5542611080374613
2023-09-04,343.0,-92.77914799999994,197.63169999999988,-0.4694547888825527,-0.5112625072884125
2023-09-05,539.0,37.88974000000002,302.62399999999974,0.12520401554404162,0.21962725641163816
2023-09-06,441.0,-45.55628000000003,103.53699999999999,-0.44000000000000034,-0.2452756665803914
2023-09-07,441.0,43.61293999999997,124.63149999999992,0.34993512875958327,0.24390443985351865
2023-09-08,735.0,21.222389999999983,38.29350000000002,0.554203454894433,0.11512934082324794
2023-09-09,245.0,-8.610524999999997,36.38249999999999,-0.23666666666666664,-0.0495207073846051
2023-09-10,1960.0,87.87856000000001,619.7520000000005,0.14179633143580003,0.4700426325700743
2023-09-11,16562.0,5092.166680999998,13668.162900000007,0.37255677432700157,5.283413369000144
2023-09-12,5047.0,1079.2992350000004,3123.259999999997,0.34556816755569547,0.9226454997990118
2023-09-13,490.0,32.509540000000015,141.07100000000005,0.23044807224730812,-0.18661465458960805
2023-09-14,490.0,230.4960000000002,478.8279999999998,0.48137535816618976,0.016188509753230468
2023-09-15,539.0,0.0,0.0,0.0,-0.22234966529205646
2023-09-16,196.0,-9.338175000000003,48.51000000000001,-0.1925,-0.2275455853696872
2023-09-17,1225.0,110.2401999999999,545.3699999999999,0.20213836477987407,-0.10458302764785758
2023-09-18,2009.0,116.84441999999999,268.4955,0.4351820421571311,-0.09961948835284867
2023-09-19,245.0,0.0,33.95700000000001,0.0,-0.22331382040955966
2023-09-20,833.0,3.586799999999997,117.40400000000002,0.030550918196994962,-0.21964947357274403
2023-09-21,392.0,-20.37420000000002,36.38249999999999,-0.5600000000000006,-0.2396849777347926
2023-09-23,98.0,-8.537760000000002,19.404000000000018,-0.4399999999999997,-0.2267073453005485
2023-09-24,784.0,254.53833999999998,722.1865000000003,0.352455134511653,0.04259605994297494
2023-09-25,3185.0,412.1855499999998,1165.5630000000006,0.35363644007230804,0.19506856212512055
2023-09-26,490.0,40.360320000000016,77.61600000000007,0.5199999999999997,-0.200820643265545
2023-09-27,2891.0,182.86481499999988,1717.5235000000007,0.10647005121036178,-0.056214714864999925
2023-09-28,686.0,77.15221499999996,485.4675000000005,0.15892354277062806,-0.1561275191308342
2023-09-29,196.0,15.06235499999999,31.531499999999983,0.4776923076923076,-0.21930868812865043
2023-09-30,1421.0,97.65111999999999,1074.0309999999995,0.09092020621378716,-0.13530242952279933
2023-10-01,98.0,-9.496200000000005,13.965000000000005,-0.6800000000000002,-0.24920468100795468
2023-10-02,637.0,-19.209960000000006,114.43949999999995,-0.1678612716763007,-0.29428285621301814
2023-10-03,294.0,28.02799999999998,114.5375000000001,0.2447058823529408,-0.24608252880497095
2023-10-05,1176.0,127.3999999999999,245.0,0.5199999999999996,-0.14680624304859963
2023-10-06,441.0,9.604980000000001,21.829499999999985,0.44000000000000034,-0.27879227863491657
2023-10-07,147.0,-9.604980000000001,21.829499999999985,-0.44000000000000034,-0.29782024178920624
2023-10-09,147.0,55.495439999999974,184.338,0.30105263157894724,-0.2309626655680883
2023-10-10,343.0,7.57344,145.82399999999998,0.05193548387096775,-0.2817003266506265
2023-10-11,49.0,0.0,0.0,0.0,-0.2891065032734769
2023-10-12,245.0,0.0,72.76499999999999,0.0,-0.2894451748126165
2023-10-13,49.0,-10.672200000000007,24.255000000000006,-0.44000000000000017,-0.2972182914479424
2023-10-14,49.0,-9.604980000000001,21.829499999999985,-0.44000000000000034,-0.49316670228818604
2023-10-15,98.0,0.0,0.0,0.0,-0.5777873820114959
2023-10-16,4165.0,-379.0164699999998,1863.8374999999987,-0.203352744002629,-3.3585898486996775
2023-10-17,441.0,255.68297999999987,565.5825000000003,0.452070175438596,1.6670666296510368
2023-10-18,2401.0,-4.5349500000000065,487.64799999999997,-0.00929963826366561,-0.38036161491686843
2023-10-19,1862.0,-181.53715999999991,993.548499999999,-0.18271595196409648,-1.6500424642894291
2023-10-20,686.0,12.993329999999995,232.5294999999998,0.05587820040037933,-0.1647271660946584
2023-10-22,98.0,32.79275999999998,63.06299999999997,0.5199999999999999,0.005927304375624278
2023-10-23,931.0,-137.80907000000013,572.5894999999999,-0.24067690727825108,-1.2240143372447685
2023-10-24,294.0,-51.25399999999998,181.29999999999993,-0.2827027027027027,-0.5664171812357849
2023-10-25,294.0,-5.8212,160.08299999999994,-0.036363636363636376,-0.23535410693663184
2023-10-26,343.0,-176.69399999999987,668.8499999999996,-0.26417582417582414,-1.4059058113345884
2023-10-27,49.0,0.0,0.0,0.0,-0.08988446923474153
2023-10-28,98.0,0.0,0.0,0.0,0.015832729337660844
2023-10-29,49.0,9.944550000000003,24.255000000000006,0.41000000000000003,0.11506148080198457
2023-10-30,196.0,0.0,43.65899999999997,0.0,0.08442592639504491
2023-10-31,539.0,55.12230499999995,348.02250000000015,0.15838718760999626,0.6196492785844407
2023-11-01,490.0,54.78494,179.97700000000006,0.3043996732915871,0.6005532399410308
2023-11-02,147.0,0.0,0.0,0.0,0.11174340327076815
2023-11-03,245.0,0.0,0.0,0.0,0.10865364935668043
2023-11-04,49.0,0.0,21.829499999999985,0.0,0.1024399356522817
2023-11-05,1029.0,204.58014500000007,434.04200000000014,0.4713372093023256,1.9018615354725186
2023-11-06,686.0,-5.790819999999988,412.0409999999997,-0.01405398977286239,0.031088129088863832
2023-11-07,490.0,-34.15104000000001,99.44549999999995,-0.3434146341463417,-0.21964025545332413
2023-11-08,490.0,38.85651000000001,249.82650000000004,0.15553398058252427,0.4442035551986714
2023-11-09,392.0,37.013129999999975,167.3595,0.22115942028985494,0.4340873178582328
2023-11-10,343.0,0.0,63.06299999999997,0.0,0.09166636264736773
2023-11-11,98.0,0.0,0.0,0.0,0.09166636264736773
2023-11-12,147.0,0.0,0.0,0.0,0.09166636264736773
2023-11-13,294.0,-46.47257999999997,75.1905,-0.6180645161290319,-0.3296429769819009
2023-11-14,588.0,0.0,116.42400000000008,0.0,0.09959917843286517
2023-11-15,392.0,4.802490000000001,50.935499999999955,0.09428571428571438,0.1427447280302068
2023-11-16,2156.0,-148.97420999999994,1513.5119999999993,-0.09842948717948719,-1.6733498374653741
2023-11-17,196.0,41.74016000000001,87.80800000000005,0.4753571428571427,0.7036827329698039
2023-11-18,196.0,0.0,29.10600000000002,0.0,0.1340685486582989
2023-11-19,49.0,0.0,0.0,0.0,0.05748436992898025
2023-11-20,245.0,0.0,0.0,0.0,0.06408344108451372
2023-11-21,49.0,2.096220000000001,9.113999999999999,0.23000000000000015,0.11176284525560777
2023-11-22,245.0,-8.200640000000014,165.42400000000012,-0.04957345971563986,-0.11864968993635085
2023-11-23,588.0,109.15632000000011,263.2769999999998,0.4146063651591297,1.6505088959969436
2023-11-24,1519.0,645.1675650000006,1488.2034999999994,0.43352106415554115,4.7148572611177135
2023-11-25,1470.0,-232.98912000000024,939.6240000000006,-0.24795994993742188,-1.9116670353800902
2023-11-26,98.0,-49.48019999999996,72.76499999999999,-0.6799999999999996,-0.5331888834695504
2023-11-27,98.0,0.0,0.0,0.0,-0.16704136095113833
2023-11-28,245.0,114.25574999999999,219.27499999999986,0.5210614525139667,0.6480617832583739
2023-11-29,343.0,0.0,43.65899999999996,0.0,-0.19139889462549892
2023-11-30,147.0,0.0,29.10600000000002,0.0,-0.17794194192446602
2023-12-01,147.0,46.01688000000003,110.93599999999995,0.4148056537102478,0.1624505242901226
2023-12-02,196.0,0.0,47.04000000000003,0.0,-0.17586718418909406
2023-12-03,49.0,0.0,19.404000000000018,0.0,-0.17586718418909406
2023-12-04,3381.0,547.2702200000004,1073.7125000000003,0.5096990302338851,3.0582499091085644
2023-12-05,539.0,21.425985000000004,110.47050000000013,0.19395209580838305,-0.09009485791083127
2023-12-06,4312.0,-21.576169999999987,79.50250000000004,-0.27138983050847426,-0.35128740731446334
2023-12-07,1519.0,-325.8519599999998,733.9465000000006,-0.4439723603832153,-2.0127702315433984
2023-12-08,490.0,1.1399849999999998,2.425500000000002,0.4699999999999995,-0.13396898255903505
2023-12-09,343.0,0.0,0.0,0.0,-0.13340305103162173
2023-12-10,539.0,-179.18712000000002,625.3379999999997,-0.28654442877291975,-1.100974613716879
2023-12-11,588.0,0.0,0.0,0.0,-0.09716506315151176
2023-12-12,49.0,0.0,0.0,0.0,-0.09716506315151176
2023-12-13,6468.0,2739.3200099999976,6408.367000000004,0.4274599145148828,5.05900695403994
2023-12-14,1127.0,450.7061649999998,1042.303499999999,0.43241355804715254,0.6225763801590242
2023-12-15,392.0,-9.325679999999991,341.03999999999985,-0.027344827586206884,-0.2564178175940604
2023-12-16,343.0,-23.672879999999985,48.51000000000001,-0.48799999999999955,-0.2927976422009708
2023-12-17,49.0,0.0,0.0,0.0,-0.2445738858691986
2023-12-18,588.0,276.55379500000015,908.1904999999995,0.3045107771992774,0.26800982356245245
2023-12-19,392.0,56.64792000000004,135.53400000000008,0.4179609544468547,-0.1573314266856057
2023-12-20,294.0,8.925839999999994,19.404000000000018,0.45999999999999924,-0.24950087777669494
2023-12-21,196.0,69.08999999999995,147.0,0.46999999999999964,-0.1384542328835934
2023-12-22,98.0,0.0,0.0,0.0,-0.2717120339812915
2023-12-23,147.0,0.0,0.0,0.0,-0.2644211224982815
2023-12-24,343.0,227.45996000000008,437.42300000000023,0.5199999999999999,0.2019013480526348
2023-12-25,196.0,21.069999999999993,147.0,0.14333333333333328,-0.21860540140472917
2023-12-26,2254.0,155.68476,399.61950000000013,0.38958249034393955,0.03245482522518013
2023-12-27,588.0,80.15983499999994,298.6059999999998,0.268446832950443,-0.12160959095774418
2023-12-28,784.0,151.40215999999998,389.1580000000002,0.38905061697305443,0.016344294963194166
2023-12-29,588.0,-5.982165000000006,98.26949999999995,-0.06087509349289463,-0.2933923175405643
2023-12-30,49.0,0.0,0.0,0.0,-0.2816043898246324
2023-12-31,196.0,76.44000000000004,283.808,0.2693370165745858,-0.13301981532772467
2024-01-01,196.0,0.0,4.851000000000005,0.0,-0.2836945207188006
2024-01-02,49.0,-13.873859999999997,31.53149999999998,-0.44000000000000017,-0.3100464919360171
2024-01-03,441.0,62.79545999999999,246.17600000000002,0.2550835987261146,-0.1285114274247498
2024-01-04,98.0,0.0,0.0,0.0,-0.2520894699304622
2024-01-05,147.0,0.0,20.947499999999987,0.0,-0.25362124622176796
2024-01-07,98.0,0.0,0.0,0.0,-0.278834810961611
2024-01-08,245.0,0.0,20.72699999999998,0.0,-0.27875219596104
2024-01-09,1519.0,74.60543999999996,164.19899999999998,0.4543598925693821,-0.13336278096379509
2024-01-10,196.0,0.0,0.0,0.0,-0.2978268613523575
2024-01-11,49.0,0.0,0.0,0.0,-0.2978268613523575
2024-01-12,294.0,-38.71490000000001,84.64750000000005,-0.4573661360347321,-0.37352796727364895
2024-01-13,147.0,32.79275999999997,83.78999999999995,0.3913684210526315,-0.21551063257527786
2024-01-14,98.0,0.0,0.0,0.0,-0.5470415461542972
2024-01-15,539.0,94.10155999999998,247.8909999999999,0.3796086183040127,0.6903586604368507
2024-01-16,14308.0,542.7039099999996,5157.421499999995,0.10522775964694764,4.18555220689432
2024-01-17,1960.0,112.71298499999996,385.6544999999997,0.29226415094339636,0.4066615538395894
2024-01-18,637.0,166.0276799999998,366.03000000000037,0.45359036144578213,0.9472490057847973
2024-01-19,147.0,0.0,21.829499999999975,0.0,-0.5512369539086985
2024-01-20,245.0,0.0,21.829499999999975,0.0,-0.5477749239857216
2024-01-21,245.0,17.83600000000002,34.29999999999999,0.5200000000000007,-0.3693474477626096
2024-01-22,735.0,195.43968499999983,554.1410000000004,0.35268945087982967,1.1597359236552387
2024-01-23,196.0,37.32624,127.9879999999999,0.2916385911179175,-0.25927732794406133
2024-01-24,882.0,104.22936999999992,272.36650000000014,0.3826805792929742,0.38863347254524494
2024-01-25,8232.0,753.1295100000009,3001.127499999998,0.25094885505530884,4.060616651860073
2024-01-26,7693.0,194.7531950000001,1206.7229999999988,0.16139014090226197,0.6480666038935635
2024-01-27,637.0,168.66681999999994,454.4749999999997,0.3711245283018869,0.4701266878844005
2024-01-28,1029.0,-188.35599999999982,491.17600000000004,-0.38347964884277697,-1.5539022883847382
2024-01-29,1421.0,-11.899650000000008,401.45699999999994,-0.02964115708531676,-0.5289869441068042
2024-01-30,294.0,-2.9105999999999996,43.65899999999994,-0.06666666666666675,-0.47619252792959216
2024-01-31,2058.0,179.0746649999999,429.3135000000004,0.41711864406779603,0.5556354712804215
2024-02-01,1666.0,684.8166500000001,1751.6274999999982,0.39096020700748346,2.8460109279239614
2024-02-02,1323.0,226.3559899999999,552.1319999999994,0.40996716364927255,0.5547073197288072
2024-02-03,98.0,53.90000000000004,98.0,0.5500000000000004,-0.29149398281228117
2024-02-04,49.0,0.0,0.0,0.0,-0.556355789879354
2024-02-05,294.0,102.45311999999994,247.40100000000024,0.41411764705882287,-0.07005709432513083
2024-02-06,1666.0,22.023539999999986,116.42400000000006,0.18916666666666646,-0.47189993590721335
2024-02-07,539.0,67.32967499999997,590.2784999999999,0.11406425102726929,-0.2599862497808769
2024-02-08,588.0,-22.06151499999998,107.6285,-0.20497837468700184,-0.68349420874799
2024-02-09,294.0,66.63999999999999,230.1774999999999,0.2895156998403407,-0.2577475654483458
2024-02-10,196.0,25.225200000000005,48.510000000000005,0.52,-0.4683386807203377
2024-02-11,196.0,-2.7893249999999976,55.78650000000002,-0.04999999999999994,-0.6161021433502956
2024-02-12,441.0,-67.76846999999998,140.67899999999992,-0.48172413793103463,-0.9133405328171459
2024-02-13,1421.0,55.183555000000034,314.92299999999994,0.17522872257662997,-0.3169169994641493
2024-02-14,1323.0,-6.476084999999997,130.97700000000006,-0.049444444444444395,-0.6022083348915043
2024-02-15,539.0,-22.75854,58.70200000000001,-0.3876961602671118,-0.6359290706549205
2024-02-16,196.0,0.0,72.76499999999999,0.0,-0.4930347245532329
2024-02-18,735.0,51.75772000000004,102.36099999999995,0.5056390617520351,-0.19939366549022186
2024-02-19,588.0,47.927879999999966,92.169,0.5199999999999997,-0.22884679806978184
2024-02-20,490.0,78.19812,150.381,0.52,-0.08208088585320775
2024-02-21,392.0,0.0,98.0,0.0,-0.4956194223866546
2024-02-22,196.0,0.0,0.0,0.0,-0.46157765204964807
2024-02-24,196.0,24.060960000000023,48.510000000000005,0.49600000000000044,-0.33054189267535844
2024-02-25,98.0,0.0,0.0,0.0,-0.4389681649424001
2024-02-26,343.0,35.80037999999996,121.2749999999999,0.2951999999999999,-0.16199215731745284
2024-02-27,833.0,40.360320000000016,77.61600000000008,0.5199999999999997,-0.09466294733093471
2024-02-28,147.0,44.73602,86.92600000000003,0.5146448703494926,-0.03374204558526696
2024-02-29,1421.0,49.18914000000004,94.59449999999997,0.5200000000000006,-0.0623405536116593
2024-03-01,343.0,-42.85343999999999,312.424,-0.1371643663739021,-0.7597675196512447
2024-03-02,98.0,0.0,0.0,0.0,-0.4321122642824075
2024-03-03,735.0,42.49818999999995,553.4795,0.07678367491478898,-0.0723806017316408
2024-03-04,1127.0,-360.8477599999998,719.9080000000002,-0.5012414919684177,-4.336556075642648
2024-03-05,539.0,-75.77555999999996,135.31349999999995,-0.5599999999999999,-1.040149894817674
2024-03-06,196.0,-29.889999999999983,78.39999999999999,-0.3812499999999998,-0.4287028697370225
2024-03-07,784.0,11.933459999999995,80.04149999999996,0.1490909090909091,0.0942023987201559
2024-03-08,98.0,0.0,0.0,0.0,-0.01367860428354998
2024-03-09,196.0,32.79275999999997,63.06299999999996,0.5199999999999999,0.4062870741344008
2024-03-10,294.0,119.85791999999994,384.15999999999974,0.31200000000000006,1.4719774971341812
2024-03-11,588.0,156.01404000000005,378.4270000000004,0.4122698433251324,1.7550646174179876
2024-03-12,2793.0,-14.884240000000016,443.03349999999995,-0.03359619532157279,-0.2558706028762267
2024-03-13,539.0,-63.30016000000002,155.77100000000007,-0.40636678200692034,-0.7947808279733141
2024-03-14,1323.0,-280.28000000000003,2548.0,-0.11000000000000001,-2.7945242381312485
2024-03-15,343.0,-21.560000000000006,267.5890000000003,-0.08057132393334548,-0.17709420886499158
2024-03-16,539.0,184.55629500000026,431.7389999999998,0.42747191011236035,1.7942439449290541
2024-03-17,245.0,70.12096000000005,232.84800000000016,0.30114478114478116,0.6518876076495553
2024-03-18,980.0,225.97795500000004,668.6784999999995,0.3379470926611222,1.9390618699003308
2024-03-19,490.0,209.3042349999998,479.34250000000054,0.43664860720674586,1.6437648939396803
2024-03-20,686.0,-92.82388499999992,286.2090000000002,-0.3243220338983046,-0.897519129457845
2024-03-21,49.0,0.0,0.0,0.0,-0.09711833445806063
2024-03-22,245.0,0.0,0.0,0.0,-0.07540039913818457
2024-03-23,49.0,0.0,0.0,0.0,-0.07540039913818457
2024-03-24,147.0,0.0,0.0,0.0,-0.07540039913818457
2024-03-25,931.0,83.56803000000001,211.09199999999976,0.39588440111420664,0.6171171529956808
2024-03-26,11711.0,4869.126815000001,11522.374499999994,0.42258015611278765,5.33663251866391
2024-03-27,2107.0,14.067410000000022,1310.7745000000004,0.01073213584792809,-0.17990312743013934
2024-03-28,735.0,53.45802000000006,143.1045000000001,0.3735593220338985,-0.1356507558871899
2024-03-29,490.0,-13.315995000000008,60.24550000000006,-0.22102887352582343,-0.20924839789504898
2024-03-30,735.0,6.791400000000003,92.169,0.07368421052631582,-0.18475519409864893
2024-03-31,441.0,50.959999999999965,105.27649999999994,0.4840586455666744,-0.1382413969408921
2024-04-01,1715.0,349.7149600000004,767.8299999999996,0.4554588385449912,0.18801829268811762
2024-04-02,735.0,154.12852000000007,296.4010000000001,0.52,-0.03849733944123022
2024-04-03,833.0,-62.977494999999976,376.93249999999983,-0.16707897302567437,-0.2981695217207307
2024-04-04,2303.0,348.8809800000003,1018.3180000000007,0.34260513906265044,0.15655018028687107
2024-04-05,8575.0,4621.440880000006,10410.785000000005,0.44390897324265205,3.6139733889781582
2024-04-06,20776.0,11571.429870000007,26029.363500000014,0.4445529323066237,4.648164731080116
2024-04-07,3626.0,803.4414849999998,2876.7654999999986,0.2792864016896755,0.010426624742520844
2024-04-08,17297.0,5285.064540000001,14077.528500000011,0.3754255969007626,1.7642592131952843
2024-04-09,21315.0,4866.862525000005,13830.543999999994,0.3518923424125622,1.473966830019574
2024-04-10,4165.0,795.9778050000004,2608.6620000000003,0.30512876141102235,-0.13293611263918143
2024-04-11,1666.0,444.1389399999999,1206.1839999999995,0.36821823204419896,-0.27799519640234344
2024-04-12,5243.0,-1106.2582999999993,5153.0115000000005,-0.214681900088909,-0.8676087068554377
2024-04-13,3577.0,175.580965,2733.3669999999975,0.06423614721330877,-0.37375029143553806
2024-04-14,784.0,33.64928000000002,447.3944999999999,0.07521165325009589,-0.43021231689379813
2024-04-15,4606.0,-401.605225,3453.789499999997,-0.11627958941910048,-0.5909510147230184
2024-04-16,3234.0,-166.4407499999999,1576.3300000000006,-0.1055875038856076,-0.49536311844959996
2024-04-17,1323.0,11.424105000000017,555.4395000000005,0.02056768558951966,-0.4227716958428566
2024-04-18,3577.0,-390.63069500000034,2265.123000000001,-0.17245451792242636,-0.569550844853828
2024-04-19,1372.0,-0.9118899999999914,663.3375000000005,-0.0013746999076638825,-0.4197028578838034
2024-04-20,2401.0,999.2746400000012,2537.2689999999984,0.39383866669241685,-0.04438308520416009
2024-04-21,11368.0,-3342.271869999998,11162.959500000004,-0.29940732742065373,-1.6189437235272495
2024-04-22,43218.0,-17035.796582000006,33181.658299999996,-0.5134100420170986,-4.153665851822415
2024-04-23,15386.0,-1571.680243000002,5130.069700000001,-0.30636625521871597,-0.4627780081587937
2024-04-24,17787.0,2247.162785,12520.45550000001,0.17947931566866704,0.42364206267234183
2024-04-25,1813.0,237.64191500000027,1286.5929999999996,0.1847063640172147,-0.014847115062682312
2024-04-26,2499.0,66.76926199999994,1432.8482000000004,0.04659897817507809,-0.05641279892380865
2024-04-27,15337.0,-453.00720500000017,3865.046499999996,-0.11720614616150173,-0.17741300985944056
2024-04-28,12789.0,3038.0291549999993,7290.048499999998,0.4167364805597658,0.6338863695385635
2024-04-29,40425.0,11634.469839999992,32039.453599999986,0.36312947109684784,2.3386487525167325
2024-04-30,11613.0,3121.6216849999983,7377.096999999995,0.42315041878939647,0.48183638902678655
2024-05-01,2401.0,655.3585850000003,1608.988499999998,0.4073109192514434,-0.04949873699407398
2024-05-02,2450.0,228.96548499999994,565.1659999999997,0.405129616785157,-0.14154487851716027
2024-05-03,2254.0,619.8345649999994,1818.5614999999991,0.3408378352890456,-0.06258706022017678
2024-05-04,735.0,111.93952000000009,291.03550000000024,0.38462496843168614,-0.16991787050288074
2024-05-05,980.0,132.02069999999995,621.4425000000001,0.21244234180958002,-0.13492686532807205
2024-05-06,1372.0,233.83681999999988,566.8564999999993,0.412515019233263,-0.034236909881952694
2024-05-07,2205.0,339.56607999999994,957.3375000000008,0.3546984005118359,-0.005013475053972486
2024-05-08,10780.0,2773.586591999999,11060.373100000013,0.25076790510801084,0.6134150687371395
2024-05-09,2842.0,173.64115300000003,1515.7611,0.11455707169157464,0.013427230810913416
2024-05-10,1127.0,-145.69684500000005,648.6620000000005,-0.22461134612479217,-0.0589413540666465
2024-05-11,196.0,25.225200000000008,67.91400000000004,0.37142857142857133,-0.012472933541751564
2024-05-13,441.0,1.55232,38.80800000000004,0.03999999999999995,-0.027748298484285984
2024-05-14,1127.0,-185.68084499999986,803.7715000000003,-0.23101197915079075,-0.07184804422503027
2024-05-15,2205.0,-123.21931999999997,1330.3254999999997,-0.0926234368957071,-0.0548052659126371
2024-05-16,2989.0,-384.5164750000003,1223.4074999999991,-0.31429958946630665,-0.12072586325383233
2024-05-17,10045.0,2127.266890000001,4425.631,0.48066973726458456,0.49030978879346887
2024-05-18,588.0,42.939434999999946,216.60450000000012,0.19823888700373227,-0.03250065192086177
2024-05-19,196.0,-25.264008000000025,78.58620000000005,-0.3214814814814816,-0.05266851115675599
2024-05-20,1617.0,107.49864999999993,534.4920000000005,0.2011230289695633,-0.020281217884313286
2024-05-21,1911.0,226.67669500000008,587.4855000000005,0.38584219525418056,0.016077072412267312
2024-05-22,2107.0,315.8981000000003,1144.8605,0.2759271544437076,0.00797317371898401
2024-05-23,1568.0,25.457459999999976,725.2980000000006,0.03509931090393184,-0.36539153322480694
2024-05-24,1274.0,150.0899399999999,467.8030000000005,0.3208400544673714,-0.3418555266648001
2024-05-25,490.0,-5.840603999999996,99.12209999999988,-0.05892332789559547,-0.3796153426898929
2024-05-26,147.0,12.612600000000004,24.255000000000006,0.52,-0.36750917796127114
2024-05-27,539.0,31.91958000000004,338.68799999999993,0.0942447916666668,-0.3582184616247661
2024-05-28,1127.0,43.27091999999999,431.73899999999975,0.10022471910112363,-0.36182386013399787
2024-05-29,686.0,8.004149999999983,169.7850000000001,0.047142857142857014,-0.3372232170641983
2024-05-30,3234.0,1327.5785600000008,2717.662500000002,0.48850015776425504,1.1245920296376801
2024-05-31,588.0,138.46910000000003,314.4575,0.4403428126217375,-0.24626114123598766
2024-06-01,1127.0,-25.64047500000003,297.20949999999965,-0.08627071140054426,-0.46326536903320764
2024-06-02,147.0,-6.596184000000004,46.42260000000006,-0.14208993033565537,-0.42080589677867486
2024-06-03,392.0,-61.49460800000005,358.03320000000025,-0.17175671976788748,-0.4705139248347866
2024-06-04,5488.0,67.01656500000004,2084.9499999999985,0.03214300822561696,-0.2715424986151306
2024-06-05,3724.0,120.73869500000008,1112.8635,0.10849371463795882,-0.18883526034859546
2024-06-06,784.0,75.14223499999999,226.55150000000023,0.3316783821780033,-0.25016721733254194
2024-06-07,245.0,6.209279999999997,65.48850000000003,0.09481481481481473,-0.3379113751050796
2024-06-08,588.0,96.95727999999995,247.8909999999999,0.39112868155762004,-0.09169256483614892
2024-06-09,735.0,12.418559999999994,130.97700000000006,0.09481481481481473,-0.2653997380955542
2024-06-10,2695.0,788.1417249999994,1696.4044999999999,0.4645953986799725,1.33529186614592
2024-06-11,2352.0,520.6745880000001,2114.8596,0.2461981816665277,0.721864615820785
2024-06-12,3283.0,693.5102300000005,2034.259499999999,0.3409153207838041,1.0236996153808409
2024-06-13,2352.0,62.7993800000001,1003.8384999999993,0.06255924633295111,-0.3157307104382916
2024-06-14,5537.0,638.1757550000005,2799.5660000000003,0.22795524556306246,0.842786043233303
2024-06-15,3773.0,2722.8650749999997,6306.006000000007,0.4317891665501106,3.7282406847583274
2024-06-16,392.0,26.736359999999983,180.7609999999998,0.1479100027107618,-0.4462844460394023
2024-06-17,5292.0,-595.4710299999998,2517.963,-0.23648918987292497,-1.4875863994133829
2024-06-18,686.0,35.11511499999999,143.3495,0.24496154503503667,-0.3821493908767473
2024-06-19,588.0,-22.169069999999987,160.0829999999999,-0.1384848484848485,-0.4741665807495477
2024-06-20,2842.0,-405.03007999999977,1772.1339999999996,-0.22855499640546362,-1.0871716694032771
2024-06-21,4018.0,-62.40958499999997,1796.7565,-0.03473458145274553,-0.47407486540954225
2024-06-22,49.0,15.135120000000008,29.10600000000002,0.5199999999999999,-0.3404077289054438
2024-06-23,1421.0,10.017315000000005,1021.0374999999992,0.009810917816436726,-0.34056403770051236
2024-06-24,1421.0,129.54619999999997,306.59300000000013,0.422534761067604,-0.14395810996094893
2024-06-25,1813.0,8.318484999999999,703.4195000000002,0.01182578105952422,-0.35161782925463736
2024-06-26,1519.0,127.78048500000001,320.72950000000014,0.398405774959896,-0.1524026769376292
2024-06-27,980.0,-23.329880000000024,452.51500000000044,-0.05155603681645913,-0.40754136998142976
2024-06-28,2695.0,50.53311200000006,2240.6867000000007,0.022552511245771237,-0.2835190191300171
2024-06-29,294.0,20.18016000000001,77.61600000000008,0.25999999999999984,-0.27854312805162507
2024-06-30,245.0,38.22000000000003,73.5,0.5200000000000004,-0.2391315883107849
2024-07-01,2695.0,327.50277000000017,704.8649999999997,0.46463190823774814,0.2693167470941507
2024-07-02,1960.0,150.051132,651.0041999999999,0.23049180327868857,-0.06564823030226732
2024-07-03,5488.0,1443.0877299999993,3121.1775000000034,0.46235362455355317,2.056331850294329
2024-07-04,539.0,373.780526,799.8465999999997,0.46731526520210265,0.21750758066936848
2024-07-05,1911.0,308.00665000000004,1162.7455,0.2648960155081228,0.0948146197712967
2024-07-06,784.0,242.22905000000029,513.1525000000005,0.47204105991883516,-0.026917345159951783
2024-07-07,539.0,124.23092500000001,231.84350000000018,0.5358395857550456,-0.23573866922443806
2024-07-08,1715.0,106.47945000000011,475.39799999999997,0.22397959183673494,-0.2667143244304632
2024-07-09,1764.0,297.050985,931.3184999999993,0.31895746192092206,0.04350283145325101
2024-07-10,1715.0,185.06614,399.7420000000001,0.46296396175533205,-0.11588317363663873
2024-07-11,11858.0,-2948.9809650000016,15667.848000000015,-0.18821863506717698,-3.8101980439058165
2024-07-12,16660.0,-3154.8373149999975,12133.967999999988,-0.2600004643987853,-3.1789323134869103
2024-07-13,1421.0,-108.59928800000006,834.1416999999992,-0.13019285332456124,-0.1111311539426021
2024-07-14,343.0,-117.34569000000013,162.50849999999997,-0.7220895522388069,-0.09526999604064484
2024-07-15,8085.0,-112.09852499999992,4509.004500000001,-0.024861036399497917,0.00662626685642511
2024-07-16,3969.0,-147.30492700000013,2241.127699999999,-0.065728038165786,-0.028130046791235166
2024-07-17,2744.0,165.23387999999989,1378.517000000001,0.11986350549177106,0.3125034241410861
2024-07-18,2205.0,151.79220000000018,845.6175000000009,0.17950456323337682,0.2916378166712033
2024-07-19,1029.0,109.35917999999997,609.6580000000002,0.17937791351872676,0.23595017089341724
2024-07-20,1078.0,63.08725499999999,589.4699999999992,0.10702369077306746,0.16298994153549676
2024-07-21,196.0,-4.0748399999999965,38.80800000000004,-0.10499999999999979,0.08098060464316338
2024-07-22,9212.0,279.1816650000001,6163.734500000002,0.04529423923110251,0.40552826972675116
2024-07-23,15386.0,971.8157750000005,8027.645499999994,0.12105863107682087,1.1594920873522816
2024-07-24,22001.0,360.80317000000014,13375.750500000007,0.02697442435099249,0.44319480089588703
2024-07-25,5390.0,-104.75807999999991,2178.589,-0.048085288230134235,-0.0889942329023125
2024-07-26,2156.0,402.0239299999997,1182.5904999999993,0.3399519360251921,0.4827702420293954
2024-07-27,931.0,-72.75961000000004,458.6155000000005,-0.15865056894064844,-0.06054165684290727
2024-07-28,1029.0,-26.723620000000025,296.5969999999999,-0.09010077647447558,-0.00472401556641057
2024-07-29,4949.0,666.3752550000003,2163.1049999999996,0.30806422018348645,0.7588684687786111
2024-07-30,7301.0,22.26511,3521.777000000002,0.006322123746052061,0.027136889045518496
2024-07-31,15876.0,32.67222,4408.113499999998,0.007411837285950106,0.050263139952281446
2024-08-01,10584.0,-1755.6922950000012,3562.0794999999966,-0.49288408498462843,-1.805703670745708
2024-08-02,833.0,34.78166999999999,378.3779999999998,0.09192307692307694,0.17652887666018924
2024-08-03,2058.0,162.30882500000007,2666.9719999999966,0.06085884103770129,0.32931559475853195
2024-08-04,245.0,53.89461000000002,113.99849999999995,0.4727659574468089,0.21705127356231058
2024-08-05,784.0,66.44252999999999,504.2100000000004,0.13177551020408151,0.23846589482067196
2024-08-06,1176.0,279.8272399999998,583.4675000000007,0.479593533487297,0.4741135305425452
2024-08-07,1078.0,-8.599500000000008,156.79999999999995,-0.054843750000000066,0.15139619730346565
2024-08-08,1078.0,-428.90974000000034,1004.4020000000011,-0.4270299541418674,-0.2992223961378024
2024-08-09,1421.0,141.352995,868.3290000000001,0.1627873709158625,0.3519918158680634
2024-08-10,392.0,61.53978599999994,175.12110000000004,0.35141274238227105,0.1813636658043924
2024-08-11,147.0,0.0,14.700000000000014,0.0,-0.0905557664412389
2024-08-12,833.0,64.42128000000004,218.29500000000021,0.295111111111111,0.049580942365056564
2024-08-13,3675.0,-141.22559499999997,1688.4910000000004,-0.08364012304477782,-0.44016144423283105
2024-08-14,1176.0,96.52608000000005,240.49199999999973,0.4013691931540349,0.11180932616258908
2024-08-15,245.0,112.17079999999989,243.0400000000001,0.4615322580645155,0.12902887352281736
2024-08-16,196.0,-10.263050000000009,74.33300000000003,-0.13806855636123935,-0.15138341475059064
2024-08-17,245.0,13.873859999999995,26.68049999999998,0.5200000000000002,-0.08231841984738833
2024-08-18,147.0,8.473080000000008,25.28399999999997,0.33511627906976815,-0.08724733685269165
2024-08-19,4606.0,926.6713399999995,2908.443999999997,0.31861412494103397,1.9201003202625078
2024-08-20,1568.0,270.73431000000016,733.4564999999994,0.3691211544242915,0.4222219239854149
2024-08-21,539.0,20.18016000000001,50.93549999999995,0.3961904761904768,-0.1212052886114868
2024-08-22,735.0,145.43126499999997,644.8400000000001,0.22553077507598773,0.24020193802551681
2024-08-23,2254.0,477.1529350000004,1035.6394999999993,0.46073265359229804,1.0272237506042676
2024-08-24,833.0,49.90209000000004,132.81449999999987,0.3757277255118988,-0.013492862609059362
2024-08-25,588.0,35.473501000000006,200.91960000000026,0.17655570188274294,-0.01905603337629932
2024-08-26,1568.0,-86.68883999999998,330.33349999999973,-0.2624282429726324,-0.31614926586641506
2024-08-27,539.0,71.99839499999996,142.51650000000012,0.505193398659102,0.06324511134771234
2024-08-28,20531.0,-1319.685884999999,2984.7860000000032,-0.44213752175197735,-2.8184233477422214
2024-08-29,1274.0,5.457374999999993,109.14750000000011,0.049999999999999885,0.056644499612406
2024-08-30,980.0,217.8441999999999,555.3415,0.3922707019014424,0.5018266705385346
2024-08-31,441.0,57.00806999999999,170.25050000000016,0.33484817959418584,0.03341232631919312
2024-09-01,343.0,74.588976,170.27009999999999,0.4380626780626781,0.08245619562353095
2024-09-02,1029.0,86.44482,257.10300000000035,0.3362264150943392,0.12609024587597742
2024-09-03,2009.0,158.3131200000001,800.1455000000009,0.19785541504638837,0.33219700148129144
2024-09-04,931.0,125.40668,457.7824999999994,0.27394380519133027,0.22678891340099766
2024-09-05,13083.0,7087.046889999996,16604.80149999999,0.4268070828790094,5.211725306214307
2024-09-06,3724.0,1264.61699,3283.6124999999975,0.3851297892184297,0.7174292637101597
2024-09-07,931.0,223.10532999999984,564.676,0.3951032627559872,-0.09018532650879241
2024-09-08,1274.0,298.86472,720.2264999999999,0.41495934959349595,-0.03638193482229681
2024-09-09,1078.0,172.77400000000003,504.30799999999937,0.34259619121647933,-0.13555812464489408
2024-09-10,2352.0,195.3277199999998,659.4420000000002,0.296201515827017,-0.12342245620554086
2024-09-11,1323.0,244.87848000000014,612.2794999999998,0.3999455804089476,-0.09019674301788025
2024-09-12,98.0,80.72064000000005,155.23200000000017,0.5199999999999997,-0.22185880977001976
2024-09-13,1029.0,56.71284499999995,241.22700000000006,0.2351015640869386,-0.23919011951714816
2024-09-14,147.0,0.0,4.851000000000005,0.0,-0.2795972339076012
2024-09-15,1372.0,274.9546800000001,528.759,0.5200000000000002,-0.07640438661966775
2024-09-16,784.0,158.20825999999994,357.52849999999984,0.44250531076543553,-0.1697631338761466
2024-09-17,392.0,16.20234,33.95700000000002,0.4771428571428568,-0.27896636200621927
2024-09-18,147.0,10.090080000000006,19.40400000000002,0.5199999999999997,-0.26069567799080073
2024-09-19,784.0,37.279935000000016,312.8894999999999,0.11914728682170553,-0.23359749607650407
2024-09-20,735.0,-10.720220000000005,308.2589999999999,-0.03477666507709429,-0.2696300701215003
2024-09-21,343.0,6.985439999999992,14.55300000000001,0.4799999999999991,-0.2523046927234486
2024-09-22,147.0,18.918900000000008,36.38249999999999,0.5200000000000004,-0.23125325425561521
2024-09-23,1911.0,309.1096399999998,1078.4410000000005,0.28662638011722447,-0.01529992376024556
2024-09-24,2891.0,395.56965000000014,859.4109999999995,0.4602799475454705,0.041890155253591174
2024-09-25,1519.0,75.76331000000002,553.945,0.13677045555064132,-0.20820064871841873
2024-09-26,1323.0,8.298395000000015,523.9569999999998,0.015837931356962535,-0.2583577981961223
2024-09-27,980.0,237.46575999999982,524.1774999999998,0.4530254732414114,-0.12563594163541328
2024-09-28,588.0,48.68444000000002,202.22300000000013,0.24074630482190448,-0.27624728453269454
2024-09-29,441.0,106.67838999999996,223.34199999999976,0.4776458973233878,-0.22728617243176497
2024-09-30,4655.0,909.3400399999994,1774.8779999999992,0.5123394622052895,0.3847230560108422
2024-10-01,4949.0,-98.36990099999993,1440.5068999999985,-0.068288392787289,-0.40624616357559135
2024-10-02,5292.0,287.5010809999999,2342.611599999997,0.12272673839743654,-0.1072469227500884
2024-10-03,4312.0,92.29958499999991,938.3499999999992,0.09836370757180155,-0.2595361894758856
2024-10-04,5929.0,-431.23944500000044,2658.5439999999994,-0.16220888012385748,-0.6538582043379184
2024-10-05,1764.0,133.15995000000007,885.0869999999995,0.1504484304932737,-0.12867091373021108
2024-10-06,1666.0,122.00558999999991,497.08049999999974,0.24544432943959776,-0.05080278571285409
2024-10-07,2989.0,286.3677600000004,1144.8850000000002,0.2501279691846782,0.7168752258506009
2024-10-08,12985.0,1410.4894999999988,7346.643499999995,0.19199100922754722,3.9835809026309024
2024-10-09,13377.0,263.36279900000005,5568.575600000003,0.047294464135496324,0.2842100464484573
2024-10-10,34398.0,7508.762450000006,22486.884000000002,0.333917427154425,5.240625229420057
2024-10-11,76636.0,4131.771384999996,38590.14599999997,0.107068042318368,2.377361901896087
2024-10-12,8183.0,396.58787000000024,3685.829,0.10759801119368267,-0.10773120503597604
2024-10-13,2548.0,70.42059499999996,918.2110000000004,0.07669326004589352,-0.3247655888186624
2024-10-14,5929.0,672.5842900000001,2294.228999999998,0.2931635377287972,0.060582754965878616
2024-10-15,6762.0,437.96812500000044,3919.2650000000017,0.1117475151590924,-0.09934255104587729
2024-10-16,3626.0,108.77167000000007,1041.5194999999997,0.10443555785561394,-0.31750118375520364
2024-10-17,1960.0,138.0028649999999,438.67249999999956,0.31459201340407716,-0.3010106608799458
2024-10-18,73696.0,-48968.11182899996,110029.75970000005,-0.4450442495058901,-5.310658560552497
2024-10-19,13279.0,-10065.270319999992,21779.887499999983,-0.4621360105739757,-0.9476581113857229
2024-10-20,1715.0,-111.02983500000013,1632.3370000000016,-0.06801894155434816,0.13881750262621398
2024-10-21,7644.0,-1423.242681,4451.752900000001,-0.3197038813632265,0.0008372454177349574
2024-10-22,18375.0,-9358.283179000002,22849.993600000023,-0.40955298906516946,-0.8218394511437191
2024-10-23,5096.0,-215.6931000000002,2786.14,-0.0774164614843476,0.16683873331288304
2024-10-24,11564.0,1652.101101000001,5505.674300000004,0.300072436358976,0.36348515539094933
2024-10-25,2058.0,368.72671500000007,1090.592999999999,0.33809745248685846,0.22400851186681334
2024-10-26,539.0,36.57653999999998,89.54750000000001,0.40845964432284515,0.18809849952233643
2024-10-27,196.0,25.479999999999983,80.53150000000008,0.31639793124429516,0.1876924584552402
2024-10-28,1813.0,411.1580200000004,1069.9885,0.3842639617154768,0.22790825743614357
2024-10-29,1617.0,108.73467500000012,492.8419999999997,0.22062785842115767,0.19530477907970661
2024-10-30,1176.0,171.7273599999999,381.3670000000001,0.4502942310163172,0.20487636045569968
2024-10-31,1323.0,-270.0235649999999,791.007000000001,-0.34136684631109404,0.15786624890734285
2024-11-01,1519.0,153.44644000000022,606.6444999999997,0.2529429344533748,0.20404552822857935
2024-11-02,196.0,0.0,0.0,0.0,0.18783662322547953
2024-11-03,245.0,17.65764,33.95700000000002,0.5199999999999997,0.18807729367092296
2024-11-04,833.0,13.787522,375.33020000000016,0.03673437948771507,0.18810473203376882
2024-11-05,539.0,102.68047999999989,228.68300000000005,0.4490079280051419,0.19776500190180263
2024-11-06,882.0,38.87537499999999,214.52199999999976,0.1812185929648243,0.1918076150825085
2024-11-07,833.0,13.276059999999994,85.23550000000007,0.15575740155216997,0.19433118287127948
2024-11-08,2156.0,34.074600000000004,856.9120000000007,0.03976440988106127,0.1974377597172294
2024-11-09,2156.0,29.97918000000003,106.72199999999992,0.2809090909090914,0.2277311755856663
2024-11-10,441.0,-23.25588999999998,119.51099999999985,-0.19459204592045928,0.23876935660891901
2024-11-11,1421.0,222.96715000000012,950.7959999999999,0.23450577200577213,0.26670220057619193
2024-11-12,1176.0,187.99903499999994,609.5355,0.3084300012058362,0.26236928748935295
2024-11-13,539.0,196.83789999999996,406.33250000000027,0.4844256858607171,0.2652375456881963
2024-11-14,833.0,75.98626,354.73550000000006,0.21420540092547824,0.25328540368706176
2024-11-15,1617.0,67.70673000000006,233.80350000000013,0.2895881798176675,0.2525297470339106
2024-11-16,294.0,57.494051999999954,142.1343,0.4045051194539246,0.2517149742502725
2024-11-17,245.0,-8.893499999999992,84.84349999999992,-0.1048224083164886,0.23172974336378518
2024-11-18,10094.0,2361.0003200000024,7779.582999999994,0.3034867447265495,1.401743732371664
2024-11-19,4116.0,607.3023250000002,1781.027500000001,0.34098424926060933,0.41550612050002
2024-11-20,1568.0,135.89954,592.9245000000003,0.22920209908681446,0.12742605128415985
2024-11-21,588.0,63.46675999999999,128.20850000000004,0.49502770877125907,-0.3080142035670328
2024-11-22,588.0,13.78663999999999,116.03199999999994,0.11881756756756753,-0.42398844696542887
2024-11-23,147.0,0.0,4.851000000000004,0.0,-0.40026759588048605
2024-11-24,49.0,50.959999999999965,98.0,0.5199999999999997,-0.25912517150024617
2024-11-25,1127.0,254.24825999999987,932.2004999999996,0.2727398880391075,0.19351738860362053
2024-11-26,441.0,111.29664000000005,214.03199999999987,0.5200000000000006,-0.1435524469276605
2024-11-27,686.0,105.82235999999997,205.06500000000008,0.5160430107526879,-0.1333266192355827
2024-11-28,1225.0,177.31727999999993,484.5119999999996,0.3659708737864079,0.027607449296104647
2024-11-29,2156.0,412.58441000000005,900.6444999999995,0.45809907238649683,0.5531895578460613
2024-11-30,1715.0,225.62667399999984,950.8253999999994,0.23729558970553372,0.08395755511373422
2024-12-01,1666.0,148.006117,545.4092000000004,0.2713671074855354,-0.09851932156805651
2024-12-02,4361.0,1332.6777450000004,3482.773000000004,0.3826484657484134,2.3393989637718144
2024-12-03,1176.0,337.26749000000035,903.8295000000005,0.3731538857715976,0.19732844116573833
2024-12-04,196.0,0.0,0.0,0.0,-0.5218901035631628
2024-12-05,5047.0,655.2049700000002,2669.6914999999995,0.24542347683243565,0.8290417325570059
2024-12-06,637.0,96.03803999999997,287.1889999999998,0.33440709776488664,-0.35709640829051664
2024-12-07,147.0,0.0,0.0,0.0,-0.5591413596776348
2024-12-08,294.0,98.40767999999993,208.83800000000002,0.4712153918348189,-0.3561827676144479
2024-12-09,3479.0,1531.7958600000004,3119.193000000001,0.4910872331401102,2.331892090573898
2024-12-10,3381.0,999.7886500000004,2134.293,0.46844020478912707,1.222123071130126
2024-12-11,2254.0,386.9520199999996,749.5285000000003,0.5162605824861889,0.058162806977065905
2024-12-12,3871.0,410.5567900000004,1550.923499999998,0.26471762791652903,0.08880514415681565
2024-12-13,980.0,149.9488200000001,305.0984999999997,0.49147675258973816,-0.39968891814553154
2024-12-14,245.0,25.225200000000005,48.510000000000005,0.52,-0.6304750069670503
2024-12-15,490.0,88.15296000000005,176.9879999999999,0.4980730897009973,-0.5136858018901724
2024-12-16,1274.0,353.83929,923.576500000001,0.38311855054778854,-0.032138189768262354
2024-12-17,1617.0,520.8641200000005,1126.902000000001,0.46220888772936786,0.25272177606271273
2024-12-18,1127.0,265.8289200000001,507.0029999999997,0.5243142939982609,-0.14092294990367002
2024-12-19,1617.0,3.3670349999999973,500.2899999999996,0.006730166503428011,-0.7873388450781718
2024-12-20,1078.0,33.13894499999998,262.1745000000002,0.1264003364171571,-0.6951882987333168
2024-12-21,539.0,-2.910599999999998,218.2950000000002,-0.013333333333333312,-0.781787465854118
2024-12-22,196.0,0.0,18.81600000000001,0.0,-0.7721713041863806
2024-12-23,441.0,69.22377000000006,147.95549999999986,0.4678688524590172,-0.5979553145783455
2024-12-24,392.0,15.135120000000011,41.233500000000035,0.3670588235294117,-0.7366117784776703
2024-12-25,490.0,188.23349999999985,375.8055000000004,0.5008801095247399,-0.2724581104100986
2024-12-26,2107.0,100.90080000000003,797.132000000001,0.12657978854192267,-0.5021536984131864
2024-12-27,343.0,-14.09435999999999,27.636000000000003,-0.5099999999999996,-0.7900694472723754
2024-12-28,49.0,0.0,0.0,0.0,-0.7317752501260847
2024-12-29,196.0,119.72268000000001,237.69899999999998,0.5036734693877551,-0.39438223169738196
2024-12-30,441.0,21.44142000000001,41.23350000000003,0.5199999999999999,-0.628227491269313
2024-12-31,980.0,281.0221049999998,689.9445000000007,0.4073111750292951,0.031318590146470815
2025-01-01,294.0,-29.799840000000017,185.80800000000005,-0.1603797468354431,-0.755532798777054
2025-01-02,1911.0,214.00970500000022,537.7015,0.3980083838337818,-0.016108726826103117
2025-01-03,392.0,18.433800000000012,145.52999999999997,0.12666666666666676,-0.6031378060563505
2025-01-04,490.0,20.220585000000007,160.5975000000001,0.12590846681922194,-0.547946821577693
2025-01-05,735.0,86.10524999999997,475.39799999999997,0.1811224489795918,-0.3447118695710385
2025-01-06,539.0,78.38088999999995,272.6605000000001,0.28746697816515376,-0.3779049221514857
2025-01-07,20139.0,-33.109789999999954,1610.3604999999995,-0.020560483196153882,-0.7028133743975024
2025-01-08,4018.0,57.87757500000004,549.3390000000004,0.10535857639818036,-0.41941165288669485
2025-01-09,980.0,-199.27638500000023,343.07349999999997,-0.5808562450903385,-1.9817501283667251
2025-01-10,1225.0,75.13875600000006,536.5206000000003,0.14004822182037374,-0.15147533389235698
2025-01-11,147.0,49.24598000000006,98.80849999999994,0.4983982147284909,-0.26825488300282785
2025-01-12,882.0,53.4786,603.2389999999999,0.0886524246608724,-0.2133891308994067
2025-01-13,735.0,26.613614999999978,343.24499999999983,0.07753533190578156,-0.41484001364890877
2025-01-14,2303.0,318.5637000000004,632.3939999999999,0.5037424453742452,1.6322853008894096
2025-01-15,539.0,-12.685364999999996,315.31500000000005,-0.04023076923076921,-0.681159881645171
2025-01-16,588.0,56.077560000000034,206.16750000000002,0.27200000000000013,-0.05720294994579538
2025-01-17,1078.0,189.96859,728.6300000000001,0.26072024209818423,1.3109096976430739
2025-01-18,196.0,16.59042000000001,29.10600000000001,0.5700000000000002,-0.4362805275706164
2025-01-19,392.0,41.633340000000004,80.997,0.5140108892921961,-0.187108083921085
2025-01-20,637.0,42.02828000000002,141.70799999999997,0.2965836791147996,-0.1994806848195099
2025-01-21,490.0,110.0059799999999,223.2929999999999,0.49265306122448954,0.4540361472566859
2025-01-22,784.0,253.83372000000017,711.0635,0.3569775695138341,1.7534304514834995
2025-01-23,637.0,-33.30725999999999,190.022,-0.17528107271789578,-0.981085144771004
2025-01-24,1127.0,203.7260750000001,504.47950000000014,0.4038341994075082,1.2596803567233372
2025-01-25,490.0,34.05402000000001,517.3419999999998,0.0658249668497822,-0.32252618260936977
2025-01-26,1274.0,11.084534999999999,671.3490000000005,0.016510838624917874,-0.5503321045293739
2025-01-27,1568.0,78.77460500000001,624.4315,0.12615411778553773,0.0680473414258056
2025-01-28,2499.0,215.73866999999984,1213.0439999999996,0.17784900630150258,1.3119263901224882
2025-01-29,7350.0,946.5325100000001,4165.955499999997,0.22720658201941926,4.443218841853797
2025-01-30,20090.0,2434.01228,13170.563000000007,0.18480700331489236,4.920229961610957
2025-01-31,4606.0,1044.66775,3199.8714999999997,0.32647178175748626,1.7235071184955557
2025-02-01,1176.0,146.2091399999999,494.361,0.2957537912578053,-0.13431556390581814
2025-02-02,245.0,44.613519999999994,125.66049999999996,0.35503217001364795,-0.3469053745629485
2025-02-03,1421.0,159.89239,668.0905,0.23932744141699366,-0.11778783944444335
2025-02-04,1372.0,187.953955,536.5990000000003,0.35026892521230923,-0.0665858750534357
2025-02-05,2744.0,999.5367900000008,2361.408,0.42328000498008006,1.4993875545197834
2025-02-06,4312.0,-192.87306499999985,1456.280000000001,-0.13244229475100922,-0.8706532100032013
2025-02-07,1078.0,73.72834000000005,337.70799999999986,0.21831979106210123,-0.34212093098155283
2025-02-08,882.0,97.29165599999999,442.41119999999967,0.21991228070175453,-0.3187133715691045
2025-02-09,196.0,0.0,0.0,0.0,-0.5082610074421723
2025-02-10,1372.0,114.4478299999999,336.1400000000003,0.340476676384839,-0.28334449408811907
2025-02-11,2646.0,217.98507500000002,990.5840000000003,0.22005713296398888,-0.08647909545063541
2025-02-12,2548.0,522.3461249999998,1621.8019999999988,0.3220776179829598,0.4935080704004962
2025-02-13,2009.0,81.1974099999999,234.6120000000001,0.34609231411862934,-0.37851791941443913
2025-02-14,2352.0,472.66796499999975,1250.2594999999992,0.37805588759773473,0.3770448528914365
2025-02-15,1029.0,136.20564300000007,428.9410999999996,0.31753926821188316,-0.30742779721847524
2025-02-16,343.0,-17.578259999999986,145.30950000000007,-0.12097116843702564,-0.6008236261548232
2025-02-17,2793.0,871.4368250000005,2251.2805000000003,0.38708496120319097,1.109500765049838
2025-02-18,1960.0,702.0614159999998,1602.4126999999999,0.4381277157875745,0.7281491279807891
2025-02-19,784.0,16.86580000000001,138.59650000000005,0.1216899416651936,-0.6176068833094963
2025-02-20,392.0,3.9293099999999996,46.403,0.08467793030623019,-0.6337297258272735
2025-02-21,2156.0,68.03561800000004,264.84009999999995,0.2568931895132197,-0.4941579190759767
2025-02-22,588.0,123.6956,243.52999999999997,0.5079275653923542,-0.3980125744728301
2025-02-23,392.0,130.43211999999988,250.831,0.5199999999999996,-0.37944247164957723
2025-02-24,5782.0,2238.685784999999,5203.4815,0.43022845089388695,3.0077680665366757
2025-02-25,7448.0,4069.1415450000018,8346.390499999998,0.48753308930369393,3.9518698169439914
2025-02-26,2499.0,882.0870729999994,2492.9141999999997,0.35383771852236207,0.3610789939038527
2025-02-27,2205.0,781.8934900000002,1507.7545000000002,0.5185814335158675,0.2281044793899177
2025-02-28,2695.0,671.1608400000003,1366.7814999999998,0.4910520372129711,0.11448460439293193
2025-03-01,343.0,93.12254000000001,236.74350000000018,0.3933478215874985,-0.4844369280441635
2025-03-02,196.0,76.93686,147.95549999999986,0.5200000000000005,-0.4667967018336885
2025-03-03,7448.0,2794.7105900000006,7241.121999999999,0.38594993842114533,2.4505017444054404
2025-03-04,1372.0,86.27969000000003,547.1095,0.1577009538309973,-0.5047124262334628
2025-03-05,735.0,19.28272500000001,50.93549999999997,0.378571428571429,-0.5712551698511233
2025-03-06,637.0,-27.262620000000023,177.06149999999997,-0.15397260273972618,-0.6117232976213506
2025-03-07,392.0,84.50442000000008,169.7850000000001,0.4977142857142859,-0.45779992766335903
2025-03-08,637.0,-80.42957999999994,147.95549999999986,-0.5436065573770493,-0.6426629256810368
2025-03-09,147.0,-39.12160000000003,180.5159999999999,-0.21672095548317075,-0.5923256221655538
2025-03-10,1323.0,165.61558999999988,929.0645000000009,0.17826059439360747,-0.37287237062693834
2025-03-11,931.0,-17.366579999999995,143.10450000000006,-0.12135593220338975,-0.5709235847720705
2025-03-12,735.0,456.3467999999998,877.59,0.5199999999999998,-0.06882362100871596
2025-03-13,1323.0,311.31464000000017,680.1444999999997,0.45771838190266967,-0.23049801646259407
2025-03-14,1764.0,251.32394000000014,1062.9080000000001,0.2364493822607414,-0.28568365856576755
2025-03-15,1127.0,26.18070000000001,50.34750000000004,0.5199999999999998,-0.5284208482136389
2025-03-16,490.0,0.0,0.0,0.0,-0.5370916949433276
2025-03-17,3626.0,646.976645,2779.378000000001,0.23277749374140536,0.14539972584524574
2025-03-18,3430.0,250.84104499999978,1495.8474999999999,0.16769158955040525,-0.29550097135662257
2025-03-19,3479.0,863.739170000001,1787.201500000002,0.48329143076480185,0.3728444559535652
2025-03-20,5684.0,675.0681000000001,2157.004500000001,0.3129655501414113,0.16819221808804943
2025-03-21,3969.0,267.5647450000002,1787.422,0.14969310269203365,-0.28629258888430714
2025-03-22,1666.0,98.73622499999998,429.0195,0.2301439095425732,-0.47538497899610227
2025-03-23,1764.0,28.180879999999988,840.0560000000002,0.033546430237984114,-0.5508612754916373
2025-03-24,6272.0,1150.4602200000006,3576.1670000000013,0.3217020402011428,0.638848817616803
2025-03-25,8085.0,1431.3507599999998,5448.922500000001,0.26268510150401286,0.8892605272540267
2025-03-26,11025.0,1147.6659949999998,7794.699499999997,0.1472367209281128,0.6533174919925316
2025-03-27,4753.0,250.38926499999982,2456.688500000001,0.1019214544294076,-0.326271225430375
2025-03-28,392.0,132.01187999999993,247.00899999999987,0.5344415790517755,-0.48543781311489037
2025-03-29,3234.0,-191.48513999999997,2276.0010000000007,-0.08413227410708515,-0.9665571603536472
2025-03-30,49.0,-20.58000000000001,49.0,-0.4200000000000002,-0.6406564060243062
2025-03-31,343.0,-6.566000000000002,114.36600000000011,-0.05741216795201367,-0.6100157357768773
2025-04-01,686.0,46.857719999999986,147.44099999999995,0.31780658025922237,-0.5192831895578575
2025-04-02,931.0,134.00618,426.1040000000003,0.3144917203311865,-0.3433664294274133
2025-04-03,882.0,116.64596999999995,284.0285,0.41068403346847215,-0.3897031138015883
2025-04-04,833.0,-42.17234,327.02600000000007,-0.12895714713814801,-0.7791061647163873
2025-04-05,735.0,-25.564770000000014,138.25349999999995,-0.18491228070175456,-0.7379235622206503
2025-04-06,392.0,30.281999999999982,105.35000000000004,0.287441860465116,-0.592772522548575
2025-04-07,343.0,3.1536400000000016,36.35800000000002,0.08673854447439353,-0.6707541538381052
2025-04-08,49.0,17.647350000000014,36.01499999999998,0.49000000000000066,-0.6413954848688393
2025-04-09,147.0,27.467439999999993,52.822000000000024,0.5199999999999996,-0.6021660570344074
2025-04-10,490.0,58.80392,138.64549999999997,0.424131471991518,-0.5323801308664801
2025-04-11,539.0,-85.71717000000001,191.6635,-0.44722740636584435,-0.8419916424143027
2025-04-12,196.0,0.0,0.0,0.0,-0.5996896652239193
2025-04-13,49.0,0.0,0.0,0.0,-0.5756827068836156
2025-04-14,392.0,78.75377999999994,151.82650000000004,0.5187090527674676,-0.3873162928720506
2025-04-15,3185.0,105.64571500000008,344.764,0.3064290790221719,-0.3311166951060967
2025-04-16,784.0,21.67564000000002,240.27150000000003,0.09021311308249216,-0.49371785174500915
2025-04-17,637.0,101.10464000000009,194.432,0.5200000000000005,-0.2819537602237585
2025-04-18,490.0,56.596715,194.432,0.29108744959677424,-0.34124146902185776
2025-04-19,196.0,15.383550000000007,33.4425,0.4600000000000002,-0.4019636078274542
2025-04-20,833.0,82.85508,550.5884999999996,0.15048458149779748,-0.20419746397431363
2025-04-21,1421.0,199.9053000000001,474.9080000000003,0.42093479158068503,0.10153762306838837
2025-04-22,4459.0,54.91136000000005,1837.1079999999988,0.02989010989010994,-0.2911164265241518
2025-04-23,11074.0,700.7339570000007,6152.675200000003,0.1138909391804073,1.6304898805710117
2025-04-24,8036.0,907.4883300000002,2425.916499999998,0.3740806124200899,2.7654465712991247
2025-04-25,12544.0,1072.6812949999992,5019.339499999999,0.2137096514391982,3.471950548484093
2025-04-26,1470.0,129.55501999999998,657.1879999999999,0.19713540113331346,0.0202337437847737
2025-04-27,441.0,65.330475,237.3315000000002,0.275270981728089,-0.20830616699395163
2025-04-28,686.0,-10.50266,336.4339999999996,-0.03121759394115937,-0.5197572023327585
2025-04-29,2107.0,-150.80558499999987,969.5140000000006,-0.15554760942080237,-1.0173390248567202
2025-04-30,1764.0,37.603825,601.0830000000002,0.06256012064889539,-0.32484402923467337
2025-05-01,2058.0,61.937715,1037.133999999999,0.0597200699234622,-0.23639279012737885
2025-05-02,1225.0,226.11687000000018,587.9019999999999,0.3846166027671282,0.3618415978010759
2025-05-03,490.0,95.85575999999998,184.338,0.5199999999999999,-0.11882355814870335
2025-05-04,147.0,32.79275999999999,63.06299999999996,0.5200000000000001,-0.3636802657803254
2025-05-05,343.0,12.248039999999994,21.314999999999998,0.5746206896551722,-0.44600984422098405
2025-05-06,2205.0,925.3429499999996,1909.0155,0.4847225965425632,2.526128838614976
2025-05-07,2205.0,141.50024000000002,411.4039999999999,0.34394473558837557,-0.08172128085654459
2025-05-08,8036.0,1277.259970000001,5327.0350000000035,0.2397693970473256,2.9739482425063195
2025-05-09,1372.0,113.96126000000002,703.199,0.1620611804055467,-0.2706649090294868
2025-05-10,539.0,67.95515999999999,130.68300000000005,0.5199999999999998,-0.40002199823007006
2025-05-11,98.0,0.0,0.0,0.0,-0.601100384860705
2025-05-12,2548.0,272.9620949999998,1681.3860000000002,0.16234350410910986,0.14044188681582634
2025-05-13,2695.0,290.0802450000001,1146.8449999999991,0.25293762016663135,0.16252010589403468
2025-05-14,4851.0,-454.10554000000013,3471.797000000002,-0.13079841361692515,-1.7987825986117707
2025-05-15,2842.0,292.59884500000015,789.1695000000002,0.3707680606004161,0.19162043561185343
2025-05-16,1568.0,311.99329,866.5404999999998,0.3600446718878114,0.21867187231546859
2025-05-17,2499.0,1084.9599599999992,2302.3874999999994,0.47123256185155604,2.0547096491529233
2025-05-18,294.0,40.36032,77.61600000000007,0.5199999999999996,-0.5574580875840327
2025-05-19,1274.0,90.70512500000004,553.5039999999998,0.16387438031161486,-0.43930988301596463
2025-05-20,7840.0,1194.7961550000005,3305.001000000002,0.36151158653204635,2.072829924009894
2025-05-21,7301.0,533.7832150000002,3049.294499999999,0.17505138155727507,0.508985386662087
2025-05-22,1568.0,310.6090399999998,688.5480000000005,0.4511073156845995,-0.02777230240195987
2025-05-23,3038.0,411.68232,1468.2114999999997,0.28039714986567,0.23314666806464077
2025-05-24,539.0,59.62319999999997,114.66000000000011,0.5199999999999992,-0.5471704876515218
2025-05-25,2058.0,438.8937350000004,1597.8165000000015,0.27468344143398193,0.45476141722924784
2025-05-26,588.0,31.53149999999998,92.169,0.3421052631578945,-0.5906475087367096
2025-05-27,1617.0,96.79876500000005,344.78849999999983,0.2807482413131531,-0.4253334220145868
2025-05-28,4067.0,1298.910375,3429.6325,0.3787316498196235,2.3358616518622832
2025-05-29,11858.0,2019.4531700000014,9579.475499999997,0.21081041127982444,3.1786459933396363
2025-05-30,2695.0,596.8369049999997,2087.694,0.28588332629207136,0.39080831776261926
2025-05-31,1960.0,151.55111999999994,373.7719999999997,0.4054640797063452,-0.48270368178543216
2025-06-01,784.0,66.70664,158.26999999999998,0.42147368421052633,-0.6347068068000815
2025-06-02,1617.0,236.12242500000016,968.166500000001,0.24388617557000777,-0.31611418774462835
2025-06-03,2450.0,709.3602599999998,2257.307500000002,0.3142506105171755,0.5644159442404115
2025-06-04,1519.0,295.99969,950.8939999999994,0.31128568483974045,-0.2652708863764537
2025-06-05,3479.0,314.38351,1401.2529999999992,0.224358848830297,-0.19178867467645985
2025-06-06,12348.0,5013.147615000002,12391.855000000012,0.4045518298107908,4.615788530140722
2025-06-07,2401.0,-15.69371999999999,891.1385000000007,-0.017610865202210405,-0.5684799481209761
2025-06-08,3724.0,2902.9491400000015,5890.633,0.49280767279170196,2.182422958717122
2025-06-09,11564.0,32.916729999999994,6086.681999999996,0.005407992400457263,-0.5623755528319072
2025-06-10,8036.0,475.3075949999998,4776.813999999999,0.09950305684918857,-0.1553558186227562
2025-06-11,22246.0,8574.534010000003,21120.984499999977,0.4059722694271194,4.350893896783646
2025-06-12,12593.0,883.1666900000008,7133.885500000001,0.12379883164651306,-0.02855027387527797
2025-06-13,6811.0,912.7163849999996,2826.6629999999973,0.3228953663737065,-0.03807362702792422
2025-06-14,1519.0,-51.32308999999997,1147.8005,-0.04471429486221688,-0.5842587318001713
2025-06-15,882.0,-62.27850999999998,536.0600000000001,-0.11617824497257766,-0.5813950170578421
2025-06-16,3969.0,529.0931800000001,2336.2220000000016,0.22647384537942017,-0.23261247450158487
2025-06-17,5145.0,1543.2547550000006,3733.016000000002,0.41340694896566205,0.31881998933881994
2025-06-18,3038.0,179.59161500000008,1537.6444999999994,0.11679657749239186,-0.46417461457922604
2025-06-19,6076.0,-467.78070499999984,6812.029,-0.06866980528121648,-0.7948329205375373
2025-06-20,16611.0,2145.40914,11911.851000000006,0.18010711685362746,0.6521138903240041
2025-06-21,2891.0,402.5482299999999,2360.9424999999974,0.17050319099258043,-0.3316044325335792
2025-06-22,31752.0,6846.812875000006,22726.886,0.30126489282341656,2.7419000304459438
2025-06-23,42483.0,11663.557219999997,32354.99400000002,0.36048707720359924,3.632848338454203
2025-06-24,20237.0,3756.8693469999994,13644.4371,0.2753407355295001,0.7361836394055614
2025-06-25,13818.0,1959.7121740000018,10063.512200000008,0.19473441628063015,0.06948459588512051
2025-06-26,11123.0,758.660875,6888.1259999999975,0.11014038869207682,-0.3730191742205631
2025-06-27,6566.0,1529.2358549999994,4479.114499999999,0.3414147718259937,-0.09688256598609163
2025-06-28,3381.0,815.3220250000004,1830.076500000002,0.44551253731742885,-0.3402437439570634
2025-06-29,2940.0,940.3654680000003,2274.1096,0.4135092996397361,-0.29963028014006005
2025-06-30,4900.0,1779.9992349999989,4158.189,0.4280707863447281,-0.015424251742745991
2025-07-01,5341.0,799.7165049999995,3203.938500000002,0.24960419964365702,-0.3830395999880561
2025-07-02,10241.0,1769.421604999999,4610.532500000002,0.38377814384780895,-0.04728165974034567
2025-07-03,2303.0,170.97692499999994,1261.2600000000002,0.13556041181041173,-0.626725624588382
2025-07-04,2107.0,194.68876000000017,959.7140000000005,0.20286122740733184,-0.6163345206635351
2025-07-05,3038.0,206.042305,1410.8080000000002,0.14604560294526256,-0.6103728260157398
2025-07-06,784.0,57.90918000000006,207.63750000000005,0.2788955752212392,-0.614356204223632
2025-07-07,2254.0,507.1764600000003,1185.8490000000006,0.4276905912978803,-0.4551758919587632
2025-07-08,2744.0,673.5853600000002,1913.327499999999,0.3520491708816188,-0.3656001295555941
2025-07-09,1078.0,97.60506,587.2405000000006,0.1662096875130375,-0.5821504270180392
2025-07-10,10682.0,2483.0431500000004,6515.456499999998,0.3811004109995978,0.28614013391171894
2025-07-11,6419.0,2204.0337200000004,5123.8565,0.4301513362054539,0.2967298965097094
2025-07-12,735.0,195.06998000000002,390.2115000000003,0.49990833176367144,-0.5473266405857892
2025-07-13,49.0,18.239759999999997,38.808000000000035,0.4699999999999995,-0.6064581128800023
2025-07-14,4116.0,1259.4830150000012,2849.6929999999998,0.44197147376928014,-0.10162351434717261
2025-07-15,6860.0,456.22944499999994,3827.561499999998,0.11919584962906545,-0.4522324619262475
2025-07-16,1862.0,192.91153000000008,753.228,0.2561130627114235,-0.5585206901661892
2025-07-17,5880.0,1098.830145000001,3057.085500000001,0.3594371649075568,-0.16640816564917038
2025-07-18,4410.0,1522.4633200000012,3061.9855,0.49721441202122,-0.005195047849369876
2025-07-19,1029.0,114.41058999999993,756.0209999999993,0.15133255557715994,-0.6197820837966085
2025-07-20,784.0,159.6635599999999,362.4774999999999,0.4404785400473131,-0.5692357119206994
2025-07-21,3920.0,270.47338500000006,1021.699,0.2647290297827443,-0.5193743252848292
2025-07-22,6468.0,301.2649360000001,2287.0897000000014,0.13172414531883025,-0.4547128364698724
2025-07-23,22148.0,2665.192565000002,10976.661499999995,0.24280538896093345,1.8273645379532395
2025-07-24,22638.0,1072.166109,8849.870399999993,0.12115048701730151,0.2539414654787293
2025-07-25,16219.0,4599.73976,14946.616999999998,0.30774453911544003,3.611957564452774
2025-07-26,7301.0,504.59293500000047,5830.853,0.08653844214560039,-0.44653998611863993
2025-07-27,4998.0,1113.7467249999997,4450.7925000000005,0.2502355984917292,0.17153659536304874
2025-07-28,9800.0,2008.3899500000018,6792.085999999996,0.29569560073297113,1.005083313257599
2025-07-29,2646.0,631.6938879999998,1854.4735999999991,0.34063245117104934,-0.3313588033911688
2025-07-30,1568.0,299.6915949999999,669.8054999999993,0.4474307765463261,-0.6101234849489457
2025-07-31,6615.0,2064.382739999999,5330.832499999998,0.3872533492658042,1.0589111154324355
2025-08-01,2107.0,407.7748149999999,1440.3794999999998,0.28310234559711517,-0.49433462842279274
2025-08-02,1127.0,219.17994000000016,610.2705000000001,0.3591521136938458,-0.6792156733813695
2025-08-03,686.0,229.4229,564.6759999999999,0.40629121832696985,-0.6709276323401554
2025-08-04,3234.0,766.8397100000004,1942.163999999999,0.3948377737410439,-0.16912522627813636
2025-08-05,8183.0,-1487.603593,5504.860899999998,-0.2702345472525928,-2.156205437076873
2025-08-06,6419.0,-38.60930500000001,3691.586499999999,-0.010458729600403519,-0.8168451759110913
2025-08-07,2891.0,293.178858,1928.3655999999985,0.15203489317585847,-0.5052451108480925
2025-08-08,9114.0,794.9946199999999,5761.248500000002,0.13798998949620028,-0.07734871206779913
2025-08-09,2205.0,339.027325,1113.1819999999996,0.3045569592393698,-0.43908931258491074
2025-08-10,2793.0,470.3664349999997,1757.9975000000018,0.2675580795763357,-0.27016672519606677
2025-08-11,4067.0,661.3674550000003,2330.244000000001,0.2838189713180251,-0.10200360738230953
2025-08-12,2695.0,296.04133999999993,1381.6774999999998,0.21426225729231313,-0.46625886361074675
2025-08-13,4851.0,514.25402,1516.0600000000013,0.3392042663219131,-0.23092904087999355
2025-08-14,2499.0,345.0903400000003,1635.7670000000012,0.21096546146242104,-0.39156909036339116
2025-08-15,882.0,94.14468,613.6024999999998,0.1534294270313436,-0.6312491229551412
2025-08-16,3626.0,1132.8057649999996,3651.675999999997,0.310215299769202,0.3757961291104937
2025-08-17,1029.0,244.01117999999994,651.8714999999995,0.37432405006201397,-0.44818727696826066
2025-08-18,1764.0,379.5755600000003,858.5045000000002,0.4421357837961247,-0.32568975171253606
2025-08-19,3479.0,606.6202449999997,1854.576500000002,0.3270936761034118,-0.11826322362503394
2025-08-20,5047.0,107.00237799999994,2724.8360999999995,0.039269289628099086,-0.6034107044507606
2025-08-21,5978.0,-396.82037499999984,2639.8014999999996,-0.1503220507299507,-1.0576757085193387
2025-08-22,2744.0,-149.59994,1227.474500000001,-0.12187621005568743,-0.770262703026276
2025-08-23,784.0,79.16317500000004,320.2395000000003,0.24719990819371115,-0.502443847219399
2025-08-24,637.0,-39.764235,190.0465000000001,-0.20923424004125296,-0.716047459188554
2025-08-25,2597.0,315.0512330000001,1398.3080999999993,0.22530888078242572,-0.1491201572079831
2025-08-26,1666.0,450.51996499999996,1023.8304999999998,0.44003374093661013,0.10035217753300447
2025-08-27,1813.0,316.02476500000006,825.846,0.38266791266168276,-0.02838250446083636
2025-08-28,4949.0,1160.0720600000002,3704.154999999998,0.3131812950591973,1.4382315333725189
2025-08-29,2548.0,516.9083499999999,1546.0479999999995,0.33434172160243414,0.28434493993454485
2025-08-30,441.0,16.807,143.52100000000007,0.11710481392966876,-0.5775900875089455
2025-08-31,343.0,2.254000000000001,41.650000000000034,0.054117647058823506,-0.5771017255226545
2025-09-01,1078.0,158.78278500000002,539.5635000000003,0.29428007083503593,-0.2409799966178392
2025-09-02,3675.0,589.112055,2265.490500000001,0.2600373098011225,0.6402884366355043
2025-09-03,3479.0,478.94829499999963,2054.1534999999994,0.2331609078873608,0.43521906042436004
2025-09-04,3724.0,1279.7572549999993,3044.688500000002,0.4203245274516583,2.4284273850290723
2025-09-05,3038.0,401.5601450000004,1098.041,0.36570596635280506,0.053379396625908175
2025-09-06,980.0,16.722229999999996,369.58250000000004,0.045246271130261834,-0.9526259231336126
2025-09-07,1519.0,259.3991399999999,542.5035000000005,0.47815201192250306,-0.26092325893840923
2025-09-08,3381.0,616.0623979999999,1969.3982000000015,0.3128175896575916,0.683354530520204
2025-09-09,2548.0,720.523685,1515.2024999999996,0.47552963052793285,0.9311413236745634
2025-09-10,686.0,91.403375,274.9879999999999,0.3323904133998576,-0.7021257511641509
2025-09-11,1470.0,249.8916699999999,641.9979999999995,0.38924057395817446,-0.2730531929886445
2025-09-12,1568.0,139.08748000000006,693.1784999999998,0.20065175131658022,-0.5353292656618266
2025-09-13,1323.0,137.40579999999997,822.4650000000004,0.16706583258862068,-0.5188967383956342
2025-09-14,588.0,46.94395999999999,219.20150000000004,0.21415893595618635,-0.7531919508326245
2025-09-15,2450.0,205.327395,1297.7895,0.15821317324573822,-0.27290445279057035
2025-09-16,2352.0,517.5311400000002,1454.4180000000006,0.3558338386901152,0.5977139424317965
2025-09-17,2744.0,252.20397999999992,1540.3149999999982,0.16373532686495956,-0.15094430409429868
2025-09-18,2401.0,305.35467200000005,1066.2840999999999,0.28637271436383616,0.03070696507793206
2025-09-19,2009.0,-98.35206499999998,1568.1959999999997,-0.06271669166354206,-1.1043907534816435
2025-09-20,2842.0,117.85063499999998,1740.7004999999997,0.06770299370856733,-0.5714015322456587
2025-09-21,833.0,117.84696,333.69000000000005,0.3531629955947136,-0.6154760688634423
2025-09-22,2450.0,589.4719599999995,1585.3950000000007,0.37181393911296506,0.809289795181041
2025-09-23,2989.0,373.5390049999999,1351.8364999999997,0.27631966217808146,0.09214440650752097
2025-09-24,1666.0,134.30116000000004,595.7175000000005,0.22544437589965027,-0.6508993964548472
2025-09-25,1764.0,-139.67180499999992,1157.6005,-0.1206563101864589,-1.4123702000882088
2025-09-26,1421.0,359.5318650000001,832.6324999999998,0.43180138296307213,0.11997111011337502
2025-09-27,637.0,87.34249999999996,316.6135,0.2758647372901028,-0.6870040551595424
2025-09-28,784.0,140.49671999999993,357.50399999999985,0.3929934210526315,-0.461941476145287
2025-09-29,931.0,-112.14727999999991,1069.4740000000006,-0.10486209108402808,-1.3108529053761255
2025-09-30,4900.0,64.32548500000004,3093.4190000000003,0.02079430073973168,-0.7135312410120349
2025-10-01,784.0,-18.289984999999994,352.11400000000003,-0.05194336209295851,-0.9662280651139477
2025-10-02,4067.0,417.1585600000001,1028.8039999999994,0.4054791388835972,0.5522700641570765
2025-10-03,1813.0,-16.651424999999996,600.6175,-0.027723842545380375,-0.8958123577208482
2025-10-04,686.0,3.716159999999999,80.16400000000002,0.0463569682151589,-0.8979737371244414
2025-10-05,392.0,-4.948019999999998,7.2765,-0.6799999999999997,-0.8769853918960632
2025-10-06,1666.0,420.4714500000002,955.8429999999995,0.43989593479263894,1.0097899463705498
2025-10-07,3920.0,1356.048539999999,2833.817000000002,0.47852368025175873,3.7105526894060183
2025-10-08,1911.0,761.63493,1445.548999999999,0.5268828175316095,1.6856771886963595
2025-10-09,13818.0,-3704.308615000001,10063.571,-0.3680908710238146,-4.9655985660494535
2025-10-10,22295.0,-4365.738201999999,15185.65860000001,-0.28749086997122375,-3.893615389646267
2025-10-11,2352.0,-138.32185500000006,1162.4515000000006,-0.11899150631230636,-0.06327576264900248
2025-10-12,931.0,-107.30117999999993,415.76500000000044,-0.2580813199764286,-0.02780745456011187
2025-10-13,1715.0,23.005745000000008,1021.7234999999995,0.02251660551998659,0.09361597497881918
2025-10-14,343.0,30.52111999999999,92.38949999999996,0.33035269159374175,0.1009217294129577
2025-10-15,931.0,357.2266599999998,660.912,0.5405056346381966,0.3915793097844391
2025-10-16,980.0,277.35763999999995,675.8570000000002,0.41037917784383365,0.32763030074792854
2025-10-17,1617.0,101.4739530000001,465.2501000000002,0.2181062465112851,0.17285373421114741
2025-10-18,343.0,110.98450999999993,245.22050000000024,0.45259066839844064,0.18767290495623304
2025-10-19,196.0,9.265410000000008,118.92300000000007,0.07791100123609396,0.09189176467467867
2025-10-20,735.0,269.63916,630.4830000000001,0.4276707857309396,0.323662974056407
2025-10-21,2499.0,882.70609,3063.675999999997,0.2881199219499715,0.8471340950840264
2025-10-22,13867.0,-541.1190050000002,9372.597500000003,-0.05773415587301173,-0.3981045211456277
2025-10-23,12103.0,580.262165,8646.221499999994,0.06711164697781573,0.6033386234848435
2025-10-24,2989.0,-88.19318899999999,1233.9572000000007,-0.07147183792112072,0.010110025532838551
2025-10-25,1225.0,281.422925,856.0790000000001,0.3287347604601912,0.3288369517397977
2025-10-26,588.0,42.96858999999999,143.52100000000004,0.29938886992147473,0.12485228298997367
2025-10-27,1960.0,184.57344500000016,876.0464999999998,0.21068909584137394,0.2490412700706194
2025-10-28,931.0,-40.2633,401.4570000000001,-0.10029293299157815,0.05256460498410848
2025-10-29,1372.0,326.2081899999999,846.5484999999999,0.3853390443666251,0.3679321712211791
2025-10-30,2695.0,457.91920999999985,1492.1234999999995,0.3068909577524917,0.47258011435727504
2025-10-31,2842.0,-496.2095250000002,1742.8565000000003,-0.2847104882128851,-0.3648273171007776
2025-11-01,833.0,53.89877500000002,184.01950000000002,0.2928970842763947,0.13678392869834588
2025-11-02,637.0,2.1586950000000007,116.42400000000002,0.018541666666666668,0.08994983695053205
2025-11-03,1225.0,4.181170000000002,192.47199999999992,0.021723523421588613,0.09174440213243674
2025-11-04,1323.0,33.64928000000001,230.66750000000005,0.14587785448751994,0.11693143961229294
2025-11-05,1960.0,182.89151999999999,712.2150000000004,0.2567925696594426,0.25811146044321115
2025-11-06,2499.0,294.04606000000024,899.6155000000009,0.32685748522563246,0.4004294288011098
2025-11-07,8281.0,1877.143204999999,4275.274500000003,0.4390696328387797,1.747338785824168
2025-11-08,1078.0,109.55983500000004,264.2814999999999,0.41455733753592316,0.09363243513504574
2025-11-09,539.0,81.06265999999998,213.46850000000006,0.37974061746815085,-0.21853006346998705
2025-11-10,882.0,39.31368000000004,147.588,0.26637450199203216,-0.3355527611427364
2025-11-11,2009.0,54.296900000000015,856.9855000000006,0.06335801480888531,-0.31439628045803986
2025-11-12,1519.0,152.91185,850.1255,0.17986973688002536,-0.08500129852997965
2025-11-13,2401.0,100.27213000000003,1140.4994999999994,0.08791948615496989,-0.21956788295401442
2025-11-14,2891.0,88.23895499999998,1928.0519999999985,0.04576585849344315,-0.2275221523677251
2025-11-15,441.0,23.275980000000022,88.42049999999998,0.2632418952618457,-0.3654650588781464
2025-11-16,196.0,0.0,13.965000000000005,0.0,-0.4131432260741894
2025-11-17,2695.0,415.22477499999985,1550.0170000000012,0.2678840135301739,0.5726942408042853
2025-11-18,2009.0,144.42774500000016,362.8694999999999,0.39801566403348915,-0.09607266008794768
2025-11-19,7203.0,1959.4242500000016,4185.873999999999,0.468103973029289,3.3066726071820125
2025-11-20,6321.0,395.529715,2230.406499999999,0.1773352592901788,0.3383497379889628
2025-11-21,4704.0,-435.07972200000023,4461.925299999996,-0.09750941415357191,-1.3197562747463154
2025-11-22,539.0,59.195920000000015,135.044,0.438345428156749,-0.3027581509639435
2025-11-23,735.0,87.33172,198.1070000000002,0.44083106604006883,-0.2593650352333425
2025-11-24,6125.0,1225.5480649999997,3581.4589999999966,0.34219240398954753,1.852089433186071
2025-11-25,7497.0,-33.091659999999976,2946.8600000000015,-0.011229464582640491,-0.5252876456408616
2025-11-26,5096.0,782.310725,2083.333000000002,0.375509208081473,0.9621988221246635
2025-11-27,2842.0,1306.26405,2634.142,0.495897354812307,1.7609339700240434
2025-11-28,3920.0,1054.8889049999989,2611.112,0.40399986863834214,1.2396282590306942
2025-11-29,5929.0,-525.6543600000001,2949.408,-0.17822368421052637,-1.3758284177421234
2025-11-30,882.0,105.68221999999993,465.2305,0.2271609879403864,-0.3692932906884756
2025-12-01,1176.0,-6.54885000000001,36.38249999999999,-0.1800000000000003,-0.5570898835896864
2025-12-02,1617.0,308.4172700000001,760.9454999999996,0.40530796226536625,-0.036213158143471987
2025-12-03,1568.0,183.40798000000004,428.456,0.42806724611161945,-0.26240862233604884
2025-12-04,882.0,96.89456000000004,350.7419999999998,0.2762559374126854,-0.41605459546472773
2025-12-05,2303.0,112.84896,597.3589999999996,0.18891313263883205,-0.38393389667719535
2025-12-06,1176.0,8.168790000000003,116.71800000000002,0.06998740554156173,-0.5454314465151369
2025-12-07,686.0,163.31430499999988,410.2035000000002,0.39812996476139234,-0.20792248949396958
2025-12-08,1764.0,9.473905,574.5250000000004,0.016489978678038367,-0.5038390420221937
2025-12-09,2499.0,98.12544000000007,803.9675000000009,0.12205150083803135,-0.33045468174412224
2025-12-10,1568.0,201.90621499999995,745.6574999999992,0.27077608017085614,-0.13704708369680157
2025-12-11,1813.0,95.30965500000002,746.7355000000006,0.12763509301486262,-0.35084050846718484
2025-12-12,1960.0,35.71756999999996,371.78749999999997,0.09606985172981868,-0.4597979146196826
2025-12-13,588.0,62.86013999999998,142.2225000000001,0.4419844961240305,-0.40340341786249206
2025-12-14,1470.0,3.3133799999999978,14.405999999999997,0.2299999999999999,-0.513991014503021
2025-12-15,9408.0,2752.3008450000025,7924.549500000003,0.3473132251871228,3.5550066575382364
2025-12-16,3136.0,493.85002800000035,1811.5446999999983,0.2726126647606326,0.1814403071619038
2025-12-17,14504.0,-264.24646500000006,6428.309999999998,-0.04110667733821178,-0.9012552768990193
2025-12-18,4116.0,206.06288500000002,1254.6450000000007,0.16423999218902552,-0.21369685056097426
2025-12-19,1323.0,175.76692000000003,612.5735000000002,0.2869319681638203,-0.1900085810606474
2025-12-20,882.0,309.6535399999999,712.3375000000007,0.434700601891659,0.033562373292830676
2025-12-21,1421.0,486.0114000000004,1070.6500000000005,0.4539405034324944,0.2782403390927878
2025-12-22,833.0,149.2170049999999,323.81649999999973,0.4608072936369827,-0.2912378366593074
2025-12-23,2058.0,106.91089499999995,693.1049999999996,0.15424920466595973,-0.3634497057343724
2025-12-24,833.0,68.30697999999997,371.24850000000026,0.1839926087243448,-0.3778381801537279
2025-12-25,980.0,178.69712,529.5185000000002,0.33747096654791087,-0.1985160603864269
2025-12-26,1421.0,-26.098380000000002,337.14450000000016,-0.07741007194244601,-0.5144502427232226
2025-12-27,980.0,57.32911799999998,260.49870000000016,0.22007448789571674,-0.3117264844045819
2025-12-28,882.0,69.29653499999996,264.3795,0.2621100917431191,-0.2375690537568596
2025-12-29,882.0,-5.200370000000008,560.4864999999996,-0.009278314464309153,-0.43108357453587626
2025-12-30,1862.0,257.7429400000001,488.60349999999977,0.5275094017951165,0.09064886653087426
2025-12-31,1911.0,428.600305,1071.4829999999995,0.4000066309964789,0.4073596391075013
2026-01-01,1470.0,261.01466999999997,783.2160000000001,0.333260135135135,0.07117460129963715
2026-01-02,6566.0,833.6923699999999,2887.227,0.2887519304855489,1.1598194016025178
2026-01-03,2107.0,269.8858750000001,802.375,0.3363587786259543,0.03281446173189386
2026-01-04,343.0,19.11294,103.684,0.1843383742911153,-0.4569282416525563
2026-01-05,1666.0,173.03002500000002,562.2995000000001,0.3077186179251449,-0.16403136629831444
2026-01-06,2695.0,171.52548,677.0085,0.25335794159157526,-0.16757574685628024
2026-01-07,3871.0,248.239145,1229.7285000000002,0.2018650010957703,-0.03126783011430274
2026-01-08,4165.0,74.564035,765.9434999999999,0.09734926270671403,-0.3755600139629858
2026-01-09,1519.0,83.87036000000002,1002.9319999999999,0.08362517099863204,-0.34854810712702794
2026-01-10,686.0,26.923049999999996,48.510000000000005,0.5549999999999998,-0.4564094000344754
2026-01-11,833.0,-128.74480499999999,692.7620000000001,-0.18584276418163811,-0.7495754363206902
2026-01-12,490.0,10.599435,46.0845,0.23,-0.47073449229266157
2026-01-13,833.0,135.16552000000001,324.38,0.4166888217522659,-0.23488467542499392
2026-01-14,14357.0,-3196.8318829999994,10561.5972,-0.3026845109184811,-5.104643889082488
2026-01-15,2842.0,-737.9159410000001,2328.9014,-0.31685151677095474,-1.1628561002824287
2026-01-16,5586.0,418.71773999999994,1154.3665,0.36272513105673104,0.5873466372324039
2026-01-17,1764.0,100.989735,530.5719999999999,0.1903412449205763,0.10331070260698932
2026-01-18,1225.0,-18.641804999999998,281.4805,-0.06622769605709808,-0.07124843379558962
2026-01-19,2793.0,16.875600000000002,525.819,0.032093933463796485,-0.0013738411822231545
2026-01-20,3430.0,-14.412124999999996,746.025,-0.019318555008210177,-0.024212176692409697
2026-01-21,5880.0,534.16664,2346.5365,0.22764045647702474,0.8045982293198967
2026-01-22,11074.0,3597.0615799999996,7831.865999999999,0.45928538358546994,3.8002088950218824
2026-01-23,13524.0,4664.3200449999995,10464.636,0.4457221488640407,3.584266024941033
2026-01-24,4214.0,89.22581500000003,1564.2024999999996,0.05704236823557055,-0.15642290518693563
2026-01-25,833.0,318.44414,677.964,0.469706562590344,0.02168950157053912
2026-01-26,3332.0,393.80026000000004,1922.1475,0.20487515136065262,0.07424809723842656
2026-01-27,4165.0,240.65516999999994,3424.5610000000006,0.07027329050351268,-0.055927458030436694
2026-01-28,20433.0,1413.8592299999998,11374.810999999998,0.1242973821718884,0.8569316053957755
2026-01-29,43414.0,-1149.6164400000002,26180.308000000005,-0.04391149408937435,-1.1546345199703398
2026-01-30,3920.0,-103.29004000000003,2047.5384999999997,-0.050445957426441576,-0.3120126794403146
2026-01-31,1421.0,-19.23421500000001,773.9549999999999,-0.024851851851851868,-0.2379759760962823
2026-02-01,2401.0,572.1632000000001,1770.027,0.32325111424853975,0.2363468269436306
2026-02-02,3185.0,643.0171999999999,1403.4334999999999,0.4581743274618997,0.28218379210895944
2026-02-03,1421.0,109.86314499999999,602.21,0.18243327908868998,-0.14157446829341713
2026-02-04,3871.0,20.59371999999999,803.1344999999999,0.02564168268204142,-0.20800439265215664
2026-02-05,1911.0,179.15967999999998,518.7629999999999,0.34535940304146595,-0.08292772132100724
2026-02-06,2254.0,853.5339399999999,1688.3195,0.5055523791557225,0.43255101130376267
2026-02-07,1225.0,243.993295,714.0035,0.34172562879593726,-0.051966013015500336
2026-02-08,686.0,98.50568000000003,326.31550000000004,0.3018725129514228,-0.16699930584564787
2026-02-09,1764.0,124.09519500000005,1250.5780000000002,0.09923027192226316,-0.14945809858865286
2026-02-10,2940.0,-159.535425,1240.3125,-0.12862518518518518,-0.3721500282676324
2026-02-11,392.0,-1.5993600000000001,53.28749999999999,-0.030013793103448285,-0.2473324612697763
2026-02-12,686.0,50.15934,300.762,0.1667741935483871,-0.20423035333048167
2026-02-13,882.0,9.07137,317.7405,0.028549618320610686,-0.37278957195474055
2026-02-14,343.0,-10.550924999999998,172.2105,-0.061267605633802805,-0.4198554634421919
2026-02-15,1176.0,28.640010000000018,631.8795000000001,0.04532511341165525,-0.3703965124752632
2026-02-16,1372.0,658.3943800000001,1485.5575000000001,0.443196833511998,0.19732880219735768
2026-02-17,2303.0,371.15295,1416.59,0.2620044967139398,-0.08198325750435559
2026-02-18,5292.0,179.22828,2006.5941000000003,0.08931964865241057,-0.26642832266359795
2026-02-19,1323.0,211.02634,477.7255,0.44173137083953024,-0.2443417813613961
2026-02-20,2058.0,150.02967,852.2325,0.1760431220353601,-0.289060418811606
2026-02-21,1225.0,429.51538000000005,1139.4705,0.3769429572770862,0.08460479384488133
2026-02-22,686.0,36.36045,322.95900000000006,0.11258534365043239,-0.40144748851576406
2026-02-23,686.0,-59.87505999999998,576.5094999999999,-0.1038578895924525,-0.6228175601035614
2026-02-24,1323.0,-90.06248999999998,517.8564999999999,-0.17391398968633204,-0.6594652224792585
2026-02-25,3969.0,89.25815500000002,856.9120000000001,0.10416256861848125,-0.19889619980852713
2026-02-26,3773.0,1.6304749999999972,1737.9564999999998,0.0009381563922917504,-0.39278967465554976
2026-02-27,1274.0,208.02656000000002,798.7245000000001,0.260448452501457,0.2530886129288141
2026-02-28,245.0,0.0,0.0,0.0,-0.6596159039847633
